DATE,BUNDESLAND,BENZIN INSGESAMT,DARUNTER EURO 6,DIESEL INSGESAMT,DARUNTER EURO 61,FLUSSIGGAS (LPG) (EINSCHL. BIVALENT),ERDGAS (CNG) (EINSCHL. BIVALENT),ELEKTRO (BEV),HYBRID,DARUNTER PLUG-IN,SONSTIGE
202112,BADEN-WÜRTTEMBERG,8800.0,8754.0,5013.0,5009.0,207.0,28.0,7238.0,10755.0,6042.0,2.0
202112,BAYERN,12902.0,12701.0,6028.0,5992.0,230.0,64.0,8291.0,12701.0,5925.0,7.0
202112,BERLIN,1442.0,1437.0,600.0,600.0,30.0,8.0,1199.0,2195.0,961.0,
202112,BRANDENBURG,1662.0,1654.0,660.0,660.0,37.0,4.0,914.0,1697.0,885.0,1.0
202112,BREMEN,315.0,314.0,216.0,216.0,15.0,,250.0,437.0,195.0,
202112,HAMBURG,2822.0,2821.0,1487.0,1487.0,24.0,2.0,1035.0,1972.0,782.0,1.0
202112,HESSEN,9135.0,9118.0,3855.0,3855.0,122.0,98.0,4918.0,7281.0,3544.0,
202112,MECKLENBURG-VORPOMMERN,841.0,840.0,414.0,414.0,17.0,,566.0,689.0,226.0,1.0
202112,NIEDERSACHSEN,8864.0,8777.0,5188.0,5174.0,174.0,30.0,6972.0,5118.0,2624.0,3.0
202112,NORDRHEIN-WESTFALEN,14782.0,14765.0,6727.0,6725.0,483.0,41.0,10127.0,14939.0,7131.0,14.0
202112,RHEINLAND-PFALZ,2637.0,2628.0,1253.0,1253.0,113.0,2.0,2271.0,3181.0,1371.0,
202112,SAARLAND,920.0,919.0,323.0,322.0,14.0,1.0,510.0,1111.0,370.0,
202112,SACHSEN,2679.0,2667.0,1438.0,1438.0,56.0,10.0,1283.0,2593.0,938.0,1.0
202112,SACHSEN-ANHALT,1462.0,1459.0,664.0,664.0,47.0,7.0,526.0,1341.0,476.0,5.0
202112,SCHLESWIG-HOLSTEIN,1850.0,1847.0,940.0,939.0,49.0,5.0,1710.0,1707.0,826.0,4.0
202112,THÜRINGEN,1453.0,1453.0,744.0,744.0,30.0,6.0,602.0,1171.0,428.0,2.0
202112,SONSTIGE,48.0,48.0,96.0,89.0,1.0,,24.0,50.0,28.0,
202112,DEUTSCHLAND,72614.0,72202.0,35646.0,35581.0,1649.0,306.0,48436.0,68938.0,32752.0,41.0
202111,BADEN-WÜRTTEMBERG,7922.0,7876.0,4620.0,4616.0,169.0,12.0,6445.0,9212.0,5296.0,4.0
202111,BAYERN,12018.0,11663.0,5576.0,5531.0,148.0,30.0,7282.0,11584.0,4981.0,3.0
202111,BERLIN,1405.0,1392.0,558.0,558.0,18.0,2.0,931.0,1622.0,778.0,2.0
202111,BRANDENBURG,1624.0,1620.0,581.0,580.0,29.0,3.0,709.0,1324.0,570.0,
202111,BREMEN,361.0,361.0,201.0,201.0,9.0,1.0,191.0,388.0,198.0,
202111,HAMBURG,2538.0,2536.0,1331.0,1331.0,15.0,2.0,821.0,1981.0,692.0,1.0
202111,HESSEN,8551.0,8536.0,3129.0,3128.0,82.0,54.0,4262.0,5918.0,2803.0,
202111,MECKLENBURG-VORPOMMERN,784.0,783.0,375.0,375.0,13.0,4.0,328.0,625.0,262.0,
202111,NIEDERSACHSEN,7620.0,7531.0,4328.0,4290.0,132.0,22.0,4269.0,4530.0,2465.0,1.0
202111,NORDRHEIN-WESTFALEN,13349.0,13319.0,5888.0,5888.0,368.0,26.0,8747.0,13024.0,6136.0,13.0
202111,RHEINLAND-PFALZ,2458.0,2450.0,1191.0,1190.0,87.0,5.0,1947.0,2341.0,1183.0,1.0
202111,SAARLAND,778.0,778.0,288.0,288.0,23.0,3.0,467.0,882.0,339.0,2.0
202111,SACHSEN,2365.0,2353.0,1052.0,1052.0,53.0,8.0,1269.0,1905.0,729.0,1.0
202111,SACHSEN-ANHALT,1213.0,1208.0,512.0,512.0,31.0,8.0,462.0,1514.0,360.0,
202111,SCHLESWIG-HOLSTEIN,1583.0,1583.0,918.0,916.0,45.0,2.0,1563.0,1457.0,745.0,4.0
202111,THÜRINGEN,1427.0,1427.0,605.0,605.0,25.0,1.0,562.0,907.0,351.0,
202111,SONSTIGE,25.0,25.0,99.0,92.0,2.0,,15.0,37.0,11.0,
202111,DEUTSCHLAND,66021.0,65441.0,31252.0,31153.0,1249.0,183.0,40270.0,59251.0,27899.0,32.0
202110,BADEN-WÜRTTEMBERG,8316.0,8285.0,4667.0,4656.0,153.0,18.0,5308.0,8444.0,4765.0,2.0
202110,BAYERN,12528.0,12235.0,6307.0,6267.0,137.0,19.0,5692.0,10612.0,4089.0,3.0
202110,BERLIN,1457.0,1450.0,548.0,548.0,15.0,3.0,821.0,1306.0,584.0,2.0
202110,BRANDENBURG,1261.0,1253.0,628.0,628.0,35.0,5.0,497.0,1023.0,445.0,
202110,BREMEN,391.0,390.0,186.0,186.0,6.0,1.0,142.0,388.0,186.0,
202110,HAMBURG,1757.0,1752.0,1481.0,1481.0,13.0,1.0,603.0,1123.0,577.0,
202110,HESSEN,7437.0,7412.0,2885.0,2884.0,82.0,28.0,3143.0,4830.0,2307.0,2.0
202110,MECKLENBURG-VORPOMMERN,701.0,699.0,342.0,342.0,7.0,,212.0,455.0,170.0,1.0
202110,NIEDERSACHSEN,7897.0,7818.0,3378.0,3346.0,94.0,33.0,3024.0,3956.0,2136.0,8.0
202110,NORDRHEIN-WESTFALEN,12996.0,12962.0,6151.0,6149.0,262.0,32.0,6474.0,11805.0,5345.0,17.0
202110,RHEINLAND-PFALZ,2616.0,2598.0,1130.0,1129.0,78.0,4.0,1482.0,2140.0,1035.0,
202110,SAARLAND,761.0,760.0,305.0,305.0,10.0,1.0,341.0,710.0,267.0,1.0
202110,SACHSEN,2465.0,2451.0,982.0,982.0,39.0,5.0,769.0,1586.0,590.0,1.0
202110,SACHSEN-ANHALT,1173.0,1167.0,397.0,397.0,27.0,10.0,363.0,730.0,268.0,
202110,SCHLESWIG-HOLSTEIN,1590.0,1588.0,884.0,884.0,17.0,4.0,1224.0,1266.0,612.0,7.0
202110,THÜRINGEN,1334.0,1330.0,598.0,597.0,24.0,1.0,450.0,909.0,339.0,
202110,SONSTIGE,18.0,17.0,21.0,20.0,,,15.0,44.0,19.0,
202110,DEUTSCHLAND,64698.0,64167.0,30890.0,30801.0,999.0,165.0,30560.0,51327.0,23734.0,44.0
202109,BADEN-WÜRTTEMBERG,8643.0,8593.0,4339.0,4334.0,144.0,25.0,5343.0,8558.0,4232.0,5.0
202109,BAYERN,13982.0,13739.0,6329.0,6280.0,117.0,31.0,6537.0,12108.0,3940.0,12.0
202109,BERLIN,1420.0,1413.0,605.0,605.0,11.0,4.0,850.0,1590.0,557.0,11.0
202109,BRANDENBURG,1363.0,1360.0,568.0,568.0,22.0,4.0,620.0,1102.0,344.0,1.0
202109,BREMEN,395.0,392.0,210.0,210.0,11.0,1.0,170.0,376.0,162.0,
202109,HAMBURG,2068.0,2065.0,1529.0,1529.0,6.0,2.0,776.0,1545.0,564.0,4.0
202109,HESSEN,8631.0,8610.0,3086.0,3085.0,90.0,25.0,3087.0,5822.0,2206.0,6.0
202109,MECKLENBURG-VORPOMMERN,899.0,898.0,446.0,446.0,6.0,2.0,344.0,716.0,162.0,1.0
202109,NIEDERSACHSEN,8198.0,8098.0,3512.0,3508.0,102.0,42.0,3529.0,4471.0,2034.0,5.0
202109,NORDRHEIN-WESTFALEN,14086.0,14063.0,5942.0,5938.0,218.0,33.0,7317.0,14419.0,5465.0,12.0
202109,RHEINLAND-PFALZ,2616.0,2602.0,1239.0,1239.0,53.0,5.0,1655.0,2640.0,1016.0,
202109,SAARLAND,820.0,819.0,340.0,340.0,8.0,,363.0,862.0,250.0,
202109,SACHSEN,2767.0,2759.0,1127.0,1126.0,56.0,6.0,806.0,2147.0,593.0,
202109,SACHSEN-ANHALT,1319.0,1316.0,512.0,512.0,25.0,4.0,441.0,1151.0,328.0,1.0
202109,SCHLESWIG-HOLSTEIN,2020.0,2018.0,945.0,944.0,20.0,4.0,1276.0,1561.0,645.0,1.0
202109,THÜRINGEN,1421.0,1419.0,578.0,578.0,17.0,2.0,506.0,1064.0,333.0,
202109,SONSTIGE,19.0,19.0,29.0,29.0,,,35.0,27.0,11.0,
202109,DEUTSCHLAND,70667.0,70183.0,31336.0,31271.0,906.0,190.0,33655.0,60159.0,22842.0,59.0
202108,BADEN-WÜRTTEMBERG,8037.0,8000.0,4209.0,4205.0,91.0,18.0,4176.0,8390.0,4066.0,1.0
202108,BAYERN,13223.0,12964.0,7239.0,7212.0,79.0,41.0,5432.0,13681.0,4621.0,1.0
202108,BERLIN,1522.0,1516.0,585.0,585.0,19.0,7.0,763.0,1915.0,684.0,1.0
202108,BRANDENBURG,1487.0,1485.0,671.0,671.0,19.0,9.0,563.0,1177.0,412.0,
202108,BREMEN,339.0,339.0,226.0,226.0,1.0,3.0,149.0,324.0,126.0,
202108,HAMBURG,2620.0,2615.0,2303.0,2303.0,5.0,1.0,580.0,1946.0,698.0,3.0
202108,HESSEN,7581.0,7554.0,3074.0,3073.0,71.0,34.0,2906.0,5298.0,2356.0,5.0
202108,MECKLENBURG-VORPOMMERN,904.0,902.0,405.0,405.0,4.0,3.0,255.0,610.0,198.0,1.0
202108,NIEDERSACHSEN,8247.0,8179.0,3852.0,3841.0,66.0,35.0,3178.0,4632.0,2261.0,7.0
202108,NORDRHEIN-WESTFALEN,13962.0,13919.0,6511.0,6510.0,215.0,27.0,6510.0,13977.0,5811.0,16.0
202108,RHEINLAND-PFALZ,2760.0,2742.0,1253.0,1250.0,51.0,6.0,1363.0,2415.0,1076.0,
202108,SAARLAND,1008.0,1008.0,395.0,395.0,7.0,,297.0,769.0,268.0,4.0
202108,SACHSEN,2452.0,2438.0,1135.0,1135.0,39.0,8.0,718.0,1915.0,608.0,2.0
202108,SACHSEN-ANHALT,1295.0,1294.0,549.0,549.0,14.0,,352.0,1094.0,307.0,
202108,SCHLESWIG-HOLSTEIN,1786.0,1778.0,1147.0,1146.0,17.0,3.0,1193.0,1560.0,648.0,7.0
202108,THÜRINGEN,1358.0,1358.0,590.0,588.0,13.0,4.0,413.0,998.0,349.0,
202108,SONSTIGE,17.0,17.0,27.0,24.0,,,12.0,19.0,8.0,
202108,DEUTSCHLAND,68598.0,68108.0,34171.0,34118.0,711.0,199.0,28860.0,60720.0,24497.0,48.0
202107,BADEN-WÜRTTEMBERG,11183.0,11127.0,6662.0,6656.0,139.0,39.0,4117.0,10687.0,5461.0,1.0
202107,BAYERN,19850.0,19665.0,10094.0,10061.0,127.0,44.0,4987.0,15276.0,5515.0,7.0
202107,BERLIN,2107.0,2100.0,756.0,756.0,9.0,7.0,725.0,1948.0,833.0,
202107,BRANDENBURG,1656.0,1653.0,795.0,794.0,31.0,8.0,451.0,1238.0,468.0,2.0
202107,BREMEN,509.0,508.0,312.0,312.0,6.0,,126.0,516.0,218.0,
202107,HAMBURG,3528.0,3517.0,2071.0,2071.0,10.0,3.0,545.0,1767.0,806.0,1.0
202107,HESSEN,11749.0,11734.0,5023.0,5022.0,89.0,53.0,2727.0,7343.0,2968.0,4.0
202107,MECKLENBURG-VORPOMMERN,1153.0,1152.0,512.0,510.0,11.0,6.0,239.0,559.0,194.0,
202107,NIEDERSACHSEN,10058.0,9962.0,4921.0,4895.0,84.0,41.0,2742.0,5164.0,2640.0,2.0
202107,NORDRHEIN-WESTFALEN,18278.0,18236.0,8756.0,8756.0,273.0,47.0,5286.0,15523.0,6831.0,14.0
202107,RHEINLAND-PFALZ,3364.0,3350.0,1649.0,1648.0,60.0,13.0,1166.0,2830.0,1425.0,1.0
202107,SAARLAND,982.0,980.0,602.0,602.0,8.0,1.0,254.0,816.0,333.0,
202107,SACHSEN,3253.0,3245.0,1582.0,1582.0,56.0,4.0,645.0,2212.0,868.0,3.0
202107,SACHSEN-ANHALT,1505.0,1503.0,648.0,648.0,17.0,11.0,274.0,1169.0,397.0,3.0
202107,SCHLESWIG-HOLSTEIN,2158.0,2153.0,1333.0,1333.0,22.0,4.0,801.0,1619.0,757.0,
202107,THÜRINGEN,1819.0,1815.0,917.0,917.0,33.0,4.0,370.0,1098.0,425.0,
202107,SONSTIGE,24.0,24.0,27.0,27.0,,,9.0,30.0,15.0,
202107,DEUTSCHLAND,93176.0,92724.0,46660.0,46590.0,975.0,285.0,25464.0,69795.0,30154.0,38.0
202106,BADEN-WÜRTTEMBERG,12326.0,12282.0,6823.0,6807.0,77.0,49.0,5382.0,10303.0,5018.0,7.0
202106,BAYERN,22297.0,22185.0,11083.0,11069.0,88.0,71.0,6435.0,17091.0,5870.0,10.0
202106,BERLIN,2560.0,2553.0,1022.0,1022.0,7.0,9.0,839.0,1992.0,872.0,3.0
202106,BRANDENBURG,2271.0,2260.0,1033.0,1033.0,31.0,15.0,686.0,1445.0,582.0,
202106,BREMEN,611.0,610.0,402.0,402.0,3.0,,187.0,525.0,207.0,1.0
202106,HAMBURG,6322.0,6317.0,4686.0,4686.0,7.0,4.0,630.0,2697.0,791.0,
202106,HESSEN,13039.0,13026.0,5397.0,5397.0,48.0,84.0,3120.0,7172.0,3063.0,
202106,MECKLENBURG-VORPOMMERN,1512.0,1511.0,689.0,689.0,10.0,6.0,401.0,801.0,219.0,1.0
202106,NIEDERSACHSEN,11141.0,11039.0,6109.0,6105.0,68.0,58.0,3582.0,5943.0,3142.0,2.0
202106,NORDRHEIN-WESTFALEN,19486.0,19443.0,9825.0,9825.0,164.0,104.0,7130.0,17269.0,7145.0,9.0
202106,RHEINLAND-PFALZ,3927.0,3924.0,1657.0,1657.0,36.0,16.0,1535.0,3250.0,1421.0,1.0
202106,SAARLAND,1528.0,1528.0,450.0,450.0,37.0,4.0,381.0,911.0,329.0,
202106,SACHSEN,4060.0,4057.0,1903.0,1901.0,52.0,17.0,915.0,2522.0,929.0,1.0
202106,SACHSEN-ANHALT,1968.0,1967.0,882.0,880.0,18.0,11.0,418.0,1301.0,416.0,3.0
202106,SCHLESWIG-HOLSTEIN,2747.0,2738.0,1668.0,1668.0,15.0,11.0,1298.0,1872.0,820.0,2.0
202106,THÜRINGEN,2487.0,2482.0,1003.0,1002.0,20.0,8.0,470.0,1436.0,470.0,
202106,SONSTIGE,20.0,20.0,45.0,44.0,1.0,,11.0,34.0,20.0,
202106,DEUTSCHLAND,108302.0,107942.0,54677.0,54637.0,682.0,467.0,33420.0,76564.0,31314.0,40.0
202105,BADEN-WÜRTTEMBERG,10243.0,10200.0,7182.0,7181.0,71.0,45.0,4815.0,8744.0,4428.0,6.0
202105,BAYERN,19700.0,19565.0,10852.0,10828.0,73.0,61.0,5202.0,14681.0,5839.0,4.0
202105,BERLIN,1931.0,1924.0,864.0,864.0,12.0,11.0,535.0,1563.0,755.0,
202105,BRANDENBURG,1823.0,1820.0,927.0,927.0,11.0,8.0,514.0,1270.0,434.0,2.0
202105,BREMEN,391.0,390.0,319.0,319.0,1.0,,128.0,387.0,165.0,
202105,HAMBURG,3560.0,3555.0,3031.0,3030.0,10.0,8.0,553.0,3591.0,629.0,
202105,HESSEN,9827.0,9815.0,5243.0,5243.0,52.0,169.0,2352.0,5697.0,2782.0,2.0
202105,MECKLENBURG-VORPOMMERN,1122.0,1118.0,712.0,711.0,7.0,1.0,216.0,547.0,191.0,
202105,NIEDERSACHSEN,8556.0,8462.0,5861.0,5851.0,90.0,58.0,2849.0,4717.0,2341.0,3.0
202105,NORDRHEIN-WESTFALEN,16243.0,16208.0,9197.0,9196.0,174.0,84.0,5861.0,13987.0,6031.0,16.0
202105,RHEINLAND-PFALZ,3484.0,3472.0,1776.0,1773.0,27.0,11.0,1258.0,2608.0,1178.0,1.0
202105,SAARLAND,929.0,927.0,423.0,423.0,8.0,5.0,258.0,887.0,283.0,
202105,SACHSEN,3361.0,3356.0,1765.0,1765.0,36.0,10.0,611.0,2035.0,724.0,2.0
202105,SACHSEN-ANHALT,1670.0,1668.0,736.0,731.0,16.0,9.0,295.0,925.0,322.0,
202105,SCHLESWIG-HOLSTEIN,2299.0,2294.0,1504.0,1502.0,14.0,33.0,949.0,1598.0,722.0,1.0
202105,THÜRINGEN,1695.0,1693.0,977.0,977.0,16.0,3.0,380.0,1111.0,388.0,
202105,SONSTIGE,21.0,21.0,87.0,87.0,,,10.0,19.0,10.0,
202105,DEUTSCHLAND,86855.0,86488.0,51456.0,51408.0,618.0,516.0,26786.0,64367.0,27222.0,37.0
202104,BADEN-WÜRTTEMBERG,12441.0,12380.0,7789.0,7785.0,72.0,42.0,4340.0,9746.0,4667.0,4.0
202104,BAYERN,19667.0,19515.0,10209.0,10156.0,65.0,39.0,4664.0,14387.0,5565.0,12.0
202104,BERLIN,2033.0,2023.0,944.0,944.0,7.0,21.0,532.0,1828.0,776.0,1.0
202104,BRANDENBURG,2136.0,2132.0,920.0,920.0,16.0,10.0,489.0,1158.0,418.0,1.0
202104,BREMEN,480.0,479.0,340.0,340.0,3.0,,123.0,435.0,186.0,
202104,HAMBURG,1944.0,1939.0,1421.0,1421.0,5.0,3.0,506.0,1800.0,616.0,3.0
202104,HESSEN,10087.0,10065.0,5223.0,5223.0,57.0,113.0,1916.0,6075.0,2576.0,3.0
202104,MECKLENBURG-VORPOMMERN,1154.0,1153.0,800.0,800.0,8.0,1.0,206.0,572.0,187.0,
202104,NIEDERSACHSEN,9458.0,9365.0,5801.0,5794.0,533.0,33.0,2631.0,4345.0,2137.0,6.0
202104,NORDRHEIN-WESTFALEN,17059.0,17026.0,9429.0,9428.0,160.0,71.0,4925.0,14422.0,6152.0,8.0
202104,RHEINLAND-PFALZ,3409.0,3380.0,1808.0,1807.0,32.0,15.0,1161.0,2521.0,1140.0,1.0
202104,SAARLAND,854.0,854.0,383.0,383.0,3.0,3.0,210.0,938.0,293.0,
202104,SACHSEN,3260.0,3252.0,1729.0,1728.0,26.0,13.0,653.0,2085.0,804.0,3.0
202104,SACHSEN-ANHALT,1679.0,1674.0,774.0,774.0,14.0,8.0,306.0,964.0,290.0,1.0
202104,SCHLESWIG-HOLSTEIN,2535.0,2530.0,1457.0,1457.0,10.0,19.0,807.0,1764.0,820.0,3.0
202104,THÜRINGEN,1855.0,1853.0,1093.0,1093.0,17.0,8.0,337.0,1035.0,349.0,
202104,SONSTIGE,21.0,21.0,75.0,75.0,,,10.0,19.0,12.0,
202104,DEUTSCHLAND,90072.0,89641.0,50195.0,50128.0,1028.0,399.0,23816.0,64094.0,26988.0,46.0
202103,BADEN-WÜRTTEMBERG,14886.0,14827.0,9170.0,9162.0,71.0,59.0,5119.0,12287.0,6394.0,13.0
202103,BAYERN,22501.0,22290.0,12633.0,12599.0,64.0,91.0,6027.0,18285.0,7127.0,25.0
202103,BERLIN,2337.0,2326.0,1173.0,1173.0,12.0,18.0,700.0,2061.0,888.0,4.0
202103,BRANDENBURG,2463.0,2461.0,1103.0,1103.0,20.0,9.0,582.0,1347.0,509.0,
202103,BREMEN,569.0,569.0,484.0,484.0,3.0,,176.0,559.0,263.0,
202103,HAMBURG,5115.0,5112.0,2842.0,2842.0,10.0,10.0,563.0,1925.0,945.0,3.0
202103,HESSEN,11707.0,11692.0,7205.0,7205.0,45.0,95.0,2441.0,7553.0,3169.0,9.0
202103,MECKLENBURG-VORPOMMERN,1692.0,1692.0,774.0,774.0,10.0,5.0,240.0,828.0,276.0,2.0
202103,NIEDERSACHSEN,12740.0,12637.0,7326.0,7316.0,175.0,77.0,3523.0,6175.0,2910.0,6.0
202103,NORDRHEIN-WESTFALEN,23903.0,23865.0,12318.0,12315.0,151.0,134.0,6406.0,18808.0,8311.0,17.0
202103,RHEINLAND-PFALZ,4496.0,4478.0,2467.0,2467.0,31.0,15.0,1499.0,3244.0,1527.0,2.0
202103,SAARLAND,1309.0,1309.0,573.0,573.0,8.0,5.0,284.0,990.0,342.0,1.0
202103,SACHSEN,4100.0,4090.0,2205.0,2205.0,31.0,13.0,677.0,2458.0,943.0,4.0
202103,SACHSEN-ANHALT,2047.0,2045.0,996.0,995.0,15.0,10.0,350.0,1215.0,392.0,1.0
202103,SCHLESWIG-HOLSTEIN,2778.0,2775.0,1854.0,1854.0,19.0,18.0,1118.0,2045.0,977.0,3.0
202103,THÜRINGEN,2488.0,2487.0,1333.0,1331.0,9.0,12.0,393.0,1412.0,589.0,1.0
202103,SONSTIGE,43.0,43.0,62.0,61.0,,,3.0,28.0,18.0,
202103,DEUTSCHLAND,115174.0,114698.0,64518.0,64459.0,674.0,571.0,30101.0,81220.0,35580.0,91.0
202102,BADEN-WÜRTTEMBERG,9435.0,9402.0,7084.0,7081.0,39.0,41.0,3541.0,7965.0,3678.0,
202102,BAYERN,14093.0,13905.0,11146.0,11090.0,30.0,64.0,3461.0,12831.0,5215.0,3.0
202102,BERLIN,1559.0,1554.0,833.0,833.0,8.0,8.0,440.0,1286.0,581.0,
202102,BRANDENBURG,1369.0,1369.0,752.0,752.0,12.0,4.0,332.0,748.0,321.0,
202102,BREMEN,310.0,307.0,358.0,358.0,,2.0,95.0,333.0,119.0,
202102,HAMBURG,3067.0,3059.0,2218.0,2218.0,3.0,2.0,416.0,1465.0,611.0,
202102,HESSEN,9268.0,9258.0,4803.0,4803.0,24.0,55.0,1439.0,4775.0,2060.0,2.0
202102,MECKLENBURG-VORPOMMERN,1021.0,1020.0,521.0,521.0,3.0,1.0,124.0,492.0,133.0,
202102,NIEDERSACHSEN,8229.0,8138.0,6161.0,6158.0,17.0,40.0,2048.0,3612.0,1664.0,
202102,NORDRHEIN-WESTFALEN,14286.0,14263.0,9124.0,9124.0,90.0,99.0,3808.0,12669.0,4781.0,12.0
202102,RHEINLAND-PFALZ,2852.0,2841.0,1626.0,1626.0,20.0,14.0,823.0,1823.0,878.0,4.0
202102,SAARLAND,867.0,867.0,402.0,402.0,2.0,3.0,197.0,912.0,237.0,
202102,SACHSEN,2750.0,2746.0,1311.0,1311.0,17.0,15.0,413.0,1374.0,544.0,
202102,SACHSEN-ANHALT,1199.0,1198.0,690.0,690.0,6.0,7.0,208.0,578.0,203.0,
202102,SCHLESWIG-HOLSTEIN,1633.0,1629.0,1430.0,1430.0,8.0,9.0,707.0,1097.0,532.0,8.0
202102,THÜRINGEN,1392.0,1390.0,800.0,799.0,8.0,12.0,219.0,725.0,313.0,
202102,SONSTIGE,27.0,27.0,59.0,59.0,,,7.0,19.0,9.0,
202102,DEUTSCHLAND,73357.0,72973.0,49318.0,49255.0,287.0,376.0,18278.0,52704.0,21879.0,29.0
202101,BADEN-WÜRTTEMBERG,8333.0,8320.0,6044.0,6042.0,26.0,27.0,3341.0,7152.0,3315.0,
202101,BAYERN,10995.0,10856.0,8624.0,8584.0,27.0,49.0,2850.0,9700.0,4211.0,1.0
202101,BERLIN,1549.0,1540.0,920.0,920.0,10.0,9.0,402.0,1314.0,620.0,
202101,BRANDENBURG,1298.0,1297.0,719.0,719.0,5.0,5.0,281.0,690.0,277.0,
202101,BREMEN,349.0,349.0,371.0,371.0,,2.0,96.0,346.0,164.0,
202101,HAMBURG,1017.0,1016.0,1288.0,1288.0,5.0,5.0,306.0,1100.0,584.0,
202101,HESSEN,8463.0,8451.0,4886.0,4886.0,26.0,44.0,1416.0,4539.0,2172.0,2.0
202101,MECKLENBURG-VORPOMMERN,931.0,930.0,449.0,449.0,3.0,4.0,128.0,350.0,136.0,
202101,NIEDERSACHSEN,7538.0,7425.0,6407.0,6403.0,31.0,25.0,1737.0,3310.0,1615.0,1.0
202101,NORDRHEIN-WESTFALEN,12994.0,12965.0,8731.0,8730.0,161.0,56.0,3482.0,10908.0,4931.0,2.0
202101,RHEINLAND-PFALZ,2400.0,2394.0,1625.0,1625.0,12.0,8.0,735.0,1847.0,898.0,3.0
202101,SAARLAND,1031.0,1029.0,487.0,487.0,5.0,,151.0,779.0,205.0,
202101,SACHSEN,2103.0,2101.0,1204.0,1204.0,7.0,9.0,319.0,1150.0,490.0,1.0
202101,SACHSEN-ANHALT,1061.0,1058.0,670.0,668.0,7.0,4.0,200.0,542.0,203.0,
202101,SCHLESWIG-HOLSTEIN,1631.0,1629.0,1113.0,1113.0,6.0,6.0,598.0,1047.0,505.0,
202101,THÜRINGEN,1333.0,1332.0,731.0,731.0,9.0,6.0,264.0,650.0,249.0,
202101,SONSTIGE,28.0,28.0,58.0,53.0,,,9.0,25.0,13.0,
202101,DEUTSCHLAND,63054.0,62720.0,44327.0,44273.0,340.0,259.0,16315.0,45449.0,20588.0,10.0
202012,BADEN-WÜRTTEMBERG,14930.0,14883.0,9156.0,9150.0,110.0,34.0,7368.0,12765.0,7654.0,6.0
202012,BAYERN,22165.0,21966.0,14245.0,14185.0,378.0,54.0,6745.0,16351.0,7227.0,3.0
202012,BERLIN,2469.0,2460.0,1200.0,1200.0,14.0,10.0,1322.0,2448.0,1204.0,1.0
202012,BRANDENBURG,2944.0,2944.0,1364.0,1364.0,33.0,9.0,704.0,1603.0,638.0,
202012,BREMEN,633.0,628.0,407.0,407.0,6.0,,202.0,609.0,337.0,
202012,HAMBURG,3353.0,3350.0,4172.0,4171.0,28.0,1.0,1045.0,2130.0,1152.0,
202012,HESSEN,12084.0,12071.0,6479.0,6479.0,102.0,31.0,3751.0,6774.0,2973.0,
202012,MECKLENBURG-VORPOMMERN,1737.0,1735.0,848.0,848.0,21.0,3.0,409.0,746.0,261.0,
202012,NIEDERSACHSEN,12662.0,12578.0,7156.0,7147.0,156.0,44.0,8031.0,7703.0,4432.0,2.0
202012,NORDRHEIN-WESTFALEN,24614.0,24582.0,12215.0,12215.0,363.0,73.0,8368.0,18742.0,8130.0,5.0
202012,RHEINLAND-PFALZ,4645.0,4633.0,2375.0,2372.0,60.0,7.0,1635.0,3248.0,1630.0,5.0
202012,SAARLAND,1876.0,1874.0,788.0,788.0,5.0,2.0,554.0,935.0,376.0,
202012,SACHSEN,4742.0,4737.0,2539.0,2538.0,42.0,18.0,1087.0,2542.0,1031.0,2.0
202012,SACHSEN-ANHALT,2563.0,2558.0,1251.0,1251.0,24.0,13.0,475.0,1160.0,438.0,2.0
202012,SCHLESWIG-HOLSTEIN,3278.0,3274.0,1876.0,1876.0,30.0,10.0,1322.0,1980.0,996.0,
202012,THÜRINGEN,2494.0,2493.0,1436.0,1436.0,32.0,6.0,540.0,1259.0,527.0,
202012,SONSTIGE,39.0,39.0,135.0,135.0,,,113.0,113.0,101.0,
202012,DEUTSCHLAND,117228.0,116805.0,67642.0,67562.0,1404.0,315.0,43671.0,81108.0,39107.0,26.0
202011,BADEN-WÜRTTEMBERG,15498.0,15454.0,10474.0,10467.0,104.0,47.0,5535.0,11757.0,6031.0,1.0
202011,BAYERN,21024.0,20840.0,14933.0,14878.0,126.0,77.0,5078.0,14509.0,5161.0,5.0
202011,BERLIN,3295.0,3281.0,1507.0,1507.0,22.0,14.0,712.0,2154.0,942.0,2.0
202011,BRANDENBURG,2677.0,2671.0,1383.0,1383.0,25.0,5.0,429.0,1312.0,496.0,
202011,BREMEN,707.0,707.0,480.0,480.0,4.0,2.0,109.0,502.0,262.0,
202011,HAMBURG,2559.0,2555.0,2175.0,2174.0,6.0,5.0,569.0,1587.0,762.0,8.0
202011,HESSEN,12478.0,12465.0,7845.0,7843.0,90.0,75.0,2358.0,7092.0,2872.0,1.0
202011,MECKLENBURG-VORPOMMERN,1615.0,1614.0,872.0,872.0,13.0,14.0,285.0,650.0,204.0,
202011,NIEDERSACHSEN,11969.0,11857.0,6363.0,6346.0,86.0,77.0,3232.0,6236.0,3378.0,1.0
202011,NORDRHEIN-WESTFALEN,25810.0,25779.0,13681.0,13680.0,339.0,151.0,6421.0,15866.0,6623.0,3.0
202011,RHEINLAND-PFALZ,4770.0,4752.0,2631.0,2629.0,44.0,11.0,1323.0,2755.0,1234.0,
202011,SAARLAND,1609.0,1608.0,888.0,888.0,3.0,1.0,325.0,1020.0,229.0,
202011,SACHSEN,4695.0,4690.0,2477.0,2477.0,54.0,15.0,701.0,2232.0,740.0,1.0
202011,SACHSEN-ANHALT,2626.0,2624.0,1255.0,1255.0,20.0,9.0,320.0,1092.0,374.0,1.0
202011,SCHLESWIG-HOLSTEIN,3078.0,3073.0,2051.0,2051.0,35.0,16.0,1110.0,1871.0,844.0,2.0
202011,THÜRINGEN,2659.0,2657.0,1546.0,1546.0,22.0,9.0,452.0,1191.0,420.0,
202011,SONSTIGE,42.0,42.0,63.0,63.0,,,6.0,78.0,49.0,
202011,DEUTSCHLAND,117111.0,116669.0,70624.0,70539.0,993.0,528.0,28965.0,71904.0,30621.0,25.0
202010,BADEN-WÜRTTEMBERG,16276.0,16229.0,11511.0,11506.0,103.0,76.0,4277.0,10302.0,5079.0,3.0
202010,BAYERN,21363.0,21060.0,16180.0,16133.0,103.0,111.0,4665.0,13612.0,4564.0,7.0
202010,BERLIN,2527.0,2519.0,1161.0,1161.0,10.0,12.0,434.0,1505.0,592.0,1.0
202010,BRANDENBURG,2716.0,2713.0,1206.0,1204.0,24.0,16.0,397.0,1150.0,421.0,
202010,BREMEN,589.0,588.0,495.0,495.0,5.0,2.0,107.0,443.0,200.0,1.0
202010,HAMBURG,4007.0,4001.0,2811.0,2811.0,5.0,8.0,535.0,1642.0,700.0,
202010,HESSEN,11984.0,11967.0,6881.0,6879.0,75.0,47.0,1671.0,5928.0,2074.0,
202010,MECKLENBURG-VORPOMMERN,1443.0,1442.0,805.0,805.0,6.0,8.0,148.0,593.0,156.0,
202010,NIEDERSACHSEN,12212.0,12109.0,7329.0,7309.0,92.0,69.0,2829.0,4921.0,2441.0,3.0
202010,NORDRHEIN-WESTFALEN,23260.0,23237.0,12520.0,12519.0,302.0,130.0,4690.0,13901.0,5461.0,10.0
202010,RHEINLAND-PFALZ,4877.0,4864.0,2604.0,2602.0,63.0,23.0,1059.0,2468.0,1023.0,
202010,SAARLAND,1715.0,1715.0,700.0,700.0,4.0,3.0,224.0,833.0,203.0,1.0
202010,SACHSEN,4629.0,4626.0,2778.0,2778.0,29.0,20.0,635.0,2066.0,638.0,
202010,SACHSEN-ANHALT,2466.0,2462.0,1196.0,1196.0,14.0,8.0,264.0,944.0,306.0,
202010,SCHLESWIG-HOLSTEIN,2774.0,2768.0,1845.0,1845.0,21.0,18.0,921.0,1512.0,658.0,
202010,THÜRINGEN,2501.0,2499.0,1295.0,1294.0,16.0,15.0,298.0,1066.0,321.0,
202010,SONSTIGE,43.0,43.0,53.0,53.0,,,4.0,43.0,22.0,
202010,DEUTSCHLAND,115382.0,114842.0,71370.0,71290.0,872.0,566.0,23158.0,62929.0,24859.0,26.0
202009,BADEN-WÜRTTEMBERG,16486.0,16455.0,10503.0,10499.0,93.0,98.0,3583.0,8533.0,3778.0,
202009,BAYERN,22485.0,22275.0,13308.0,13271.0,80.0,99.0,4358.0,11642.0,3837.0,9.0
202009,BERLIN,2562.0,2558.0,1194.0,1194.0,11.0,17.0,558.0,1658.0,782.0,4.0
202009,BRANDENBURG,2782.0,2779.0,1115.0,1115.0,13.0,22.0,407.0,965.0,311.0,
202009,BREMEN,680.0,679.0,436.0,436.0,6.0,14.0,100.0,363.0,188.0,
202009,HAMBURG,3591.0,3590.0,4130.0,4130.0,9.0,11.0,399.0,1697.0,559.0,4.0
202009,HESSEN,13224.0,13214.0,7140.0,7139.0,69.0,50.0,1596.0,4630.0,1766.0,2.0
202009,MECKLENBURG-VORPOMMERN,1575.0,1575.0,798.0,798.0,14.0,9.0,239.0,513.0,168.0,
202009,NIEDERSACHSEN,12400.0,12262.0,6978.0,6964.0,78.0,77.0,2249.0,4284.0,1742.0,3.0
202009,NORDRHEIN-WESTFALEN,24526.0,24493.0,12562.0,12561.0,293.0,137.0,4436.0,12072.0,4338.0,8.0
202009,RHEINLAND-PFALZ,5003.0,4994.0,2605.0,2604.0,60.0,13.0,978.0,2097.0,797.0,
202009,SAARLAND,1758.0,1754.0,680.0,680.0,4.0,3.0,193.0,742.0,173.0,
202009,SACHSEN,4881.0,4876.0,2334.0,2334.0,34.0,20.0,616.0,1801.0,494.0,
202009,SACHSEN-ANHALT,2858.0,2856.0,1042.0,1042.0,18.0,14.0,276.0,760.0,227.0,1.0
202009,SCHLESWIG-HOLSTEIN,3155.0,3148.0,1754.0,1754.0,23.0,12.0,882.0,1345.0,622.0,10.0
202009,THÜRINGEN,2655.0,2654.0,1304.0,1304.0,4.0,10.0,313.0,896.0,322.0,1.0
202009,SONSTIGE,24.0,24.0,18.0,18.0,,,5.0,38.0,23.0,
202009,DEUTSCHLAND,120645.0,120186.0,67901.0,67843.0,809.0,606.0,21188.0,54036.0,20127.0,42.0
202008,BADEN-WÜRTTEMBERG,15865.0,15820.0,10429.0,10420.0,104.0,92.0,2535.0,6932.0,3010.0,3.0
202008,BAYERN,22257.0,21973.0,15440.0,15381.0,73.0,113.0,3146.0,10085.0,3019.0,1.0
202008,BERLIN,3546.0,3535.0,1631.0,1631.0,9.0,24.0,517.0,1922.0,691.0,2.0
202008,BRANDENBURG,2518.0,2514.0,1158.0,1158.0,15.0,22.0,288.0,883.0,310.0,1.0
202008,BREMEN,634.0,634.0,421.0,421.0,3.0,1.0,82.0,295.0,123.0,
202008,HAMBURG,3241.0,3236.0,3154.0,3153.0,8.0,10.0,377.0,1177.0,421.0,5.0
202008,HESSEN,13355.0,13340.0,6815.0,6814.0,69.0,63.0,1240.0,3845.0,1535.0,11.0
202008,MECKLENBURG-VORPOMMERN,1784.0,1783.0,751.0,751.0,8.0,7.0,167.0,430.0,128.0,
202008,NIEDERSACHSEN,11980.0,11862.0,7192.0,7169.0,60.0,74.0,2061.0,3688.0,1519.0,1.0
202008,NORDRHEIN-WESTFALEN,24092.0,24069.0,12654.0,12653.0,278.0,172.0,3301.0,10715.0,4202.0,7.0
202008,RHEINLAND-PFALZ,4858.0,4831.0,2610.0,2608.0,35.0,23.0,798.0,1750.0,705.0,1.0
202008,SAARLAND,1698.0,1698.0,598.0,598.0,9.0,2.0,155.0,537.0,162.0,
202008,SACHSEN,4351.0,4347.0,2299.0,2299.0,44.0,18.0,380.0,1428.0,365.0,2.0
202008,SACHSEN-ANHALT,2110.0,2107.0,1013.0,1013.0,10.0,12.0,182.0,630.0,171.0,
202008,SCHLESWIG-HOLSTEIN,3020.0,3012.0,2006.0,2006.0,33.0,16.0,643.0,1095.0,469.0,
202008,THÜRINGEN,2559.0,2556.0,1151.0,1150.0,15.0,10.0,199.0,734.0,242.0,
202008,SONSTIGE,29.0,29.0,94.0,94.0,1.0,,5.0,42.0,23.0,
202008,DEUTSCHLAND,117897.0,117346.0,69416.0,69319.0,774.0,659.0,16076.0,46188.0,17095.0,34.0
202007,BADEN-WÜRTTEMBERG,21267.0,21220.0,13846.0,13841.0,106.0,229.0,3075.0,8440.0,3454.0,6.0
202007,BAYERN,29625.0,29232.0,19820.0,19756.0,102.0,156.0,3242.0,12082.0,3829.0,4.0
202007,BERLIN,2494.0,2482.0,1107.0,1106.0,8.0,20.0,255.0,886.0,379.0,1.0
202007,BRANDENBURG,3355.0,3347.0,1403.0,1403.0,15.0,27.0,266.0,943.0,327.0,1.0
202007,BREMEN,914.0,910.0,585.0,585.0,5.0,5.0,89.0,371.0,143.0,
202007,HAMBURG,4945.0,4944.0,3976.0,3976.0,5.0,29.0,294.0,1742.0,403.0,
202007,HESSEN,16959.0,16940.0,9482.0,9482.0,78.0,80.0,1359.0,4675.0,1872.0,15.0
202007,MECKLENBURG-VORPOMMERN,1761.0,1759.0,923.0,922.0,12.0,7.0,113.0,492.0,138.0,1.0
202007,NIEDERSACHSEN,16922.0,16824.0,9983.0,9970.0,70.0,101.0,1996.0,4394.0,1912.0,1.0
202007,NORDRHEIN-WESTFALEN,31003.0,30971.0,15713.0,15711.0,249.0,181.0,3572.0,10708.0,4173.0,7.0
202007,RHEINLAND-PFALZ,6558.0,6541.0,3335.0,3332.0,52.0,27.0,804.0,2197.0,815.0,1.0
202007,SAARLAND,1986.0,1984.0,864.0,864.0,4.0,9.0,153.0,1006.0,187.0,
202007,SACHSEN,6019.0,6012.0,3035.0,3035.0,34.0,23.0,451.0,1620.0,437.0,3.0
202007,SACHSEN-ANHALT,3110.0,3109.0,1339.0,1339.0,14.0,17.0,180.0,731.0,196.0,
202007,SCHLESWIG-HOLSTEIN,3976.0,3961.0,2422.0,2422.0,18.0,16.0,725.0,1175.0,464.0,
202007,THÜRINGEN,3416.0,3415.0,1648.0,1648.0,12.0,6.0,212.0,988.0,372.0,
202007,SONSTIGE,42.0,42.0,62.0,62.0,,,12.0,38.0,18.0,
202007,DEUTSCHLAND,154352.0,153693.0,89543.0,89454.0,784.0,933.0,16798.0,52488.0,19119.0,40.0
202006,BADEN-WÜRTTEMBERG,14513.0,14472.0,9383.0,9374.0,71.0,139.0,1264.0,4846.0,1926.0,5.0
202006,BAYERN,19865.0,19725.0,14567.0,14521.0,71.0,176.0,1457.0,6384.0,2194.0,
202006,BERLIN,1889.0,1881.0,910.0,910.0,1.0,11.0,132.0,611.0,236.0,1.0
202006,BRANDENBURG,2299.0,2296.0,1196.0,1196.0,8.0,22.0,129.0,550.0,175.0,
202006,BREMEN,587.0,587.0,433.0,433.0,,3.0,45.0,243.0,111.0,
202006,HAMBURG,4067.0,4063.0,3216.0,3216.0,1.0,7.0,185.0,1312.0,312.0,2.0
202006,HESSEN,15483.0,15478.0,8388.0,8386.0,24.0,85.0,728.0,3137.0,1045.0,2.0
202006,MECKLENBURG-VORPOMMERN,1612.0,1611.0,726.0,725.0,3.0,7.0,62.0,300.0,89.0,
202006,NIEDERSACHSEN,11156.0,11066.0,7364.0,7342.0,22.0,52.0,1249.0,2422.0,1100.0,3.0
202006,NORDRHEIN-WESTFALEN,23345.0,23319.0,11629.0,11628.0,104.0,157.0,1620.0,6189.0,2223.0,9.0
202006,RHEINLAND-PFALZ,4425.0,4413.0,2283.0,2283.0,16.0,16.0,289.0,1088.0,378.0,
202006,SAARLAND,1532.0,1530.0,764.0,764.0,1.0,5.0,63.0,324.0,87.0,1.0
202006,SACHSEN,4792.0,4784.0,2365.0,2365.0,6.0,24.0,308.0,1047.0,286.0,1.0
202006,SACHSEN-ANHALT,2513.0,2512.0,998.0,998.0,3.0,12.0,92.0,476.0,135.0,
202006,SCHLESWIG-HOLSTEIN,2811.0,2806.0,1836.0,1834.0,4.0,26.0,393.0,758.0,271.0,5.0
202006,THÜRINGEN,2579.0,2578.0,1209.0,1209.0,4.0,9.0,100.0,552.0,173.0,
202006,SONSTIGE,12.0,12.0,33.0,33.0,,,3.0,15.0,8.0,
202006,DEUTSCHLAND,113480.0,113133.0,67300.0,67217.0,339.0,751.0,8119.0,30254.0,10749.0,29.0
202005,BADEN-WÜRTTEMBERG,10584.0,10559.0,8035.0,8034.0,14.0,39.0,773.0,3455.0,1181.0,8.0
202005,BAYERN,17573.0,17458.0,12453.0,12431.0,25.0,114.0,1184.0,5357.0,1261.0,1.0
202005,BERLIN,1862.0,1857.0,814.0,814.0,,12.0,130.0,609.0,179.0,1.0
202005,BRANDENBURG,1928.0,1926.0,929.0,929.0,53.0,6.0,119.0,384.0,92.0,2.0
202005,BREMEN,470.0,469.0,327.0,327.0,2.0,2.0,20.0,157.0,41.0,
202005,HAMBURG,3514.0,3509.0,2054.0,2054.0,1.0,5.0,120.0,958.0,195.0,1.0
202005,HESSEN,9340.0,9327.0,5123.0,5123.0,9.0,46.0,375.0,2150.0,757.0,1.0
202005,MECKLENBURG-VORPOMMERN,1116.0,1116.0,619.0,619.0,3.0,4.0,31.0,198.0,48.0,
202005,NIEDERSACHSEN,8510.0,8434.0,5646.0,5629.0,10.0,33.0,872.0,1602.0,597.0,2.0
202005,NORDRHEIN-WESTFALEN,17419.0,17392.0,10025.0,10025.0,49.0,83.0,1233.0,4781.0,1513.0,6.0
202005,RHEINLAND-PFALZ,3451.0,3444.0,1878.0,1877.0,8.0,7.0,201.0,843.0,281.0,1.0
202005,SAARLAND,1108.0,1106.0,507.0,507.0,1.0,5.0,30.0,313.0,84.0,
202005,SACHSEN,3352.0,3350.0,1623.0,1623.0,18.0,9.0,104.0,790.0,178.0,1.0
202005,SACHSEN-ANHALT,1638.0,1635.0,838.0,838.0,3.0,4.0,53.0,292.0,62.0,
202005,SCHLESWIG-HOLSTEIN,2038.0,2034.0,1389.0,1388.0,2.0,5.0,271.0,518.0,176.0,1.0
202005,THÜRINGEN,1993.0,1991.0,946.0,946.0,2.0,4.0,58.0,423.0,109.0,1.0
202005,SONSTIGE,8.0,8.0,12.0,12.0,,,4.0,14.0,1.0,
202005,DEUTSCHLAND,85904.0,85615.0,53218.0,53176.0,200.0,378.0,5578.0,22844.0,6755.0,26.0
202004,BADEN-WÜRTTEMBERG,8214.0,8170.0,5762.0,5755.0,13.0,33.0,728.0,2509.0,935.0,2.0
202004,BAYERN,11103.0,10892.0,7576.0,7524.0,92.0,62.0,928.0,3171.0,1038.0,3.0
202004,BERLIN,1489.0,1480.0,740.0,740.0,1.0,6.0,150.0,497.0,194.0,1.0
202004,BRANDENBURG,1348.0,1347.0,679.0,679.0,5.0,2.0,86.0,381.0,100.0,1.0
202004,BREMEN,283.0,283.0,254.0,253.0,,6.0,21.0,122.0,48.0,
202004,HAMBURG,1033.0,1026.0,1273.0,1273.0,2.0,2.0,96.0,382.0,159.0,2.0
202004,HESSEN,5629.0,5615.0,3488.0,3488.0,3.0,28.0,298.0,1497.0,494.0,2.0
202004,MECKLENBURG-VORPOMMERN,1057.0,1055.0,494.0,494.0,3.0,1.0,36.0,177.0,48.0,
202004,NIEDERSACHSEN,6713.0,6594.0,4295.0,4265.0,4.0,36.0,606.0,1244.0,500.0,1.0
202004,NORDRHEIN-WESTFALEN,12966.0,12931.0,8536.0,8536.0,49.0,73.0,1038.0,4057.0,1383.0,7.0
202004,RHEINLAND-PFALZ,2619.0,2605.0,1469.0,1468.0,5.0,13.0,219.0,674.0,221.0,
202004,SAARLAND,824.0,824.0,378.0,378.0,1.0,1.0,30.0,181.0,58.0,
202004,SACHSEN,2776.0,2774.0,1379.0,1379.0,4.0,9.0,101.0,662.0,145.0,
202004,SACHSEN-ANHALT,1107.0,1104.0,589.0,589.0,4.0,4.0,46.0,257.0,59.0,1.0
202004,SCHLESWIG-HOLSTEIN,1701.0,1696.0,1195.0,1195.0,3.0,4.0,193.0,412.0,149.0,4.0
202004,THÜRINGEN,1425.0,1424.0,708.0,708.0,2.0,6.0,59.0,340.0,83.0,
202004,SONSTIGE,8.0,8.0,21.0,21.0,,,,10.0,4.0,
202004,DEUTSCHLAND,60295.0,59828.0,38836.0,38745.0,191.0,286.0,4635.0,16573.0,5618.0,24.0
202003,BADEN-WÜRTTEMBERG,15388.0,15331.0,10475.0,10458.0,7.0,95.0,1498.0,4511.0,1457.0,2.0
202003,BAYERN,20043.0,19796.0,12661.0,12590.0,7.0,86.0,2057.0,5902.0,2046.0,
202003,BERLIN,2166.0,2161.0,1218.0,1218.0,,15.0,223.0,675.0,215.0,
202003,BRANDENBURG,2450.0,2447.0,1131.0,1131.0,2.0,7.0,307.0,517.0,133.0,
202003,BREMEN,580.0,580.0,515.0,515.0,6.0,1.0,56.0,208.0,74.0,
202003,HAMBURG,2650.0,2649.0,2331.0,2331.0,,7.0,230.0,875.0,262.0,2.0
202003,HESSEN,10173.0,10155.0,6651.0,6650.0,8.0,44.0,762.0,2455.0,795.0,1.0
202003,MECKLENBURG-VORPOMMERN,1557.0,1556.0,838.0,838.0,1.0,5.0,99.0,327.0,79.0,1.0
202003,NIEDERSACHSEN,11613.0,11478.0,9098.0,9028.0,9.0,71.0,1402.0,2607.0,1130.0,3.0
202003,NORDRHEIN-WESTFALEN,23323.0,23291.0,13721.0,13721.0,29.0,115.0,2167.0,6511.0,2163.0,5.0
202003,RHEINLAND-PFALZ,4511.0,4501.0,2423.0,2421.0,4.0,11.0,501.0,1178.0,335.0,2.0
202003,SAARLAND,1451.0,1450.0,513.0,513.0,1.0,11.0,78.0,285.0,70.0,
202003,SACHSEN,4346.0,4339.0,2233.0,2233.0,5.0,14.0,271.0,991.0,228.0,5.0
202003,SACHSEN-ANHALT,2191.0,2190.0,1041.0,1041.0,,11.0,120.0,461.0,98.0,
202003,SCHLESWIG-HOLSTEIN,2651.0,2640.0,1859.0,1858.0,2.0,9.0,387.0,709.0,234.0,1.0
202003,THÜRINGEN,2404.0,2402.0,1195.0,1195.0,1.0,5.0,166.0,508.0,96.0,
202003,SONSTIGE,10.0,10.0,34.0,34.0,,,5.0,15.0,11.0,
202003,DEUTSCHLAND,107507.0,106976.0,67937.0,67775.0,82.0,507.0,10329.0,28735.0,9426.0,22.0
202002,BADEN-WÜRTTEMBERG,17161.0,17106.0,11775.0,11762.0,6.0,87.0,1283.0,4580.0,1226.0,5.0
202002,BAYERN,23442.0,23172.0,16659.0,16601.0,8.0,104.0,1596.0,6942.0,1834.0,2.0
202002,BERLIN,3451.0,3440.0,1544.0,1544.0,,26.0,235.0,895.0,240.0,3.0
202002,BRANDENBURG,2703.0,2698.0,1185.0,1185.0,1.0,10.0,128.0,565.0,127.0,1.0
202002,BREMEN,631.0,631.0,458.0,458.0,,,49.0,237.0,69.0,
202002,HAMBURG,5228.0,5223.0,2788.0,2788.0,,6.0,148.0,1075.0,204.0,1.0
202002,HESSEN,14347.0,14332.0,8249.0,8249.0,1.0,136.0,659.0,2643.0,784.0,2.0
202002,MECKLENBURG-VORPOMMERN,1343.0,1341.0,797.0,797.0,,4.0,81.0,316.0,64.0,
202002,NIEDERSACHSEN,11860.0,11749.0,8377.0,8355.0,1.0,72.0,1268.0,2378.0,946.0,6.0
202002,NORDRHEIN-WESTFALEN,25754.0,25711.0,14151.0,14143.0,25.0,192.0,1515.0,6222.0,1826.0,3.0
202002,RHEINLAND-PFALZ,4944.0,4939.0,2574.0,2572.0,3.0,28.0,320.0,1115.0,316.0,1.0
202002,SAARLAND,1682.0,1682.0,692.0,692.0,1.0,12.0,71.0,303.0,83.0,
202002,SACHSEN,4460.0,4455.0,2235.0,2235.0,2.0,20.0,224.0,930.0,192.0,
202002,SACHSEN-ANHALT,2262.0,2261.0,1039.0,1039.0,,11.0,91.0,479.0,85.0,
202002,SCHLESWIG-HOLSTEIN,3278.0,3274.0,2010.0,2009.0,1.0,16.0,367.0,779.0,235.0,
202002,THÜRINGEN,2546.0,2545.0,1271.0,1271.0,,24.0,119.0,520.0,113.0,
202002,SONSTIGE,24.0,24.0,48.0,48.0,,,,21.0,10.0,
202002,DEUTSCHLAND,125116.0,124583.0,75852.0,75748.0,49.0,748.0,8154.0,30000.0,8354.0,24.0
202001,BADEN-WÜRTTEMBERG,17468.0,17410.0,12375.0,12355.0,8.0,142.0,960.0,4729.0,1220.0,
202001,BAYERN,21903.0,21701.0,17024.0,16924.0,8.0,167.0,1350.0,7081.0,1960.0,
202001,BERLIN,3536.0,3530.0,1602.0,1602.0,,19.0,283.0,902.0,280.0,1.0
202001,BRANDENBURG,2739.0,2737.0,1142.0,1142.0,,20.0,132.0,560.0,147.0,
202001,BREMEN,762.0,760.0,555.0,555.0,,3.0,31.0,233.0,63.0,
202001,HAMBURG,5860.0,5854.0,3141.0,3141.0,1.0,24.0,140.0,1516.0,203.0,1.0
202001,HESSEN,13536.0,13519.0,8928.0,8928.0,6.0,93.0,699.0,2815.0,769.0,5.0
202001,MECKLENBURG-VORPOMMERN,1593.0,1593.0,829.0,829.0,,8.0,71.0,331.0,77.0,
202001,NIEDERSACHSEN,12164.0,12036.0,8187.0,8162.0,8.0,118.0,1232.0,2080.0,721.0,1.0
202001,NORDRHEIN-WESTFALEN,28228.0,28206.0,16635.0,16634.0,9.0,178.0,1432.0,6590.0,2112.0,1.0
202001,RHEINLAND-PFALZ,5238.0,5229.0,2775.0,2775.0,,22.0,295.0,1139.0,295.0,
202001,SAARLAND,1652.0,1649.0,600.0,600.0,,13.0,60.0,307.0,86.0,1.0
202001,SACHSEN,4176.0,4169.0,2175.0,2175.0,2.0,18.0,261.0,867.0,254.0,
202001,SACHSEN-ANHALT,2281.0,2279.0,1071.0,1071.0,,20.0,112.0,480.0,108.0,2.0
202001,SCHLESWIG-HOLSTEIN,3151.0,3144.0,1867.0,1866.0,2.0,22.0,323.0,646.0,200.0,
202001,THÜRINGEN,2498.0,2497.0,1298.0,1298.0,2.0,15.0,107.0,510.0,135.0,
202001,SONSTIGE,21.0,21.0,53.0,53.0,,,4.0,19.0,9.0,
202001,DEUTSCHLAND,126806.0,126334.0,80257.0,80110.0,46.0,882.0,7492.0,30805.0,8639.0,12.0
202301,BADEN-WÜRTTEMBERG,8124.0,8073.0,5577.0,5555.0,142.0,10.0,3131.0,8131.0,1706.0,3.0
202301,BAYERN,14378.0,14217.0,8358.0,8323.0,156.0,18.0,3274.0,10079.0,1462.0,4.0
202301,BERLIN,2251.0,2240.0,766.0,766.0,14.0,1.0,659.0,1762.0,307.0,5.0
202301,BRANDENBURG,1185.0,1173.0,627.0,627.0,31.0,2.0,292.0,1031.0,107.0,
202301,BREMEN,364.0,364.0,320.0,320.0,5.0,,117.0,666.0,54.0,
202301,HAMBURG,3645.0,3639.0,1487.0,1486.0,11.0,2.0,447.0,2138.0,223.0,
202301,HESSEN,7399.0,7384.0,3787.0,3787.0,81.0,22.0,1480.0,5388.0,1459.0,
202301,MECKLENBURG-VORPOMMERN,794.0,791.0,470.0,470.0,23.0,,160.0,405.0,48.0,
202301,NIEDERSACHSEN,7008.0,6869.0,4394.0,4373.0,97.0,7.0,1713.0,3245.0,584.0,2.0
202301,NORDRHEIN-WESTFALEN,14659.0,14581.0,7999.0,7993.0,256.0,19.0,4167.0,11116.0,1899.0,5.0
202301,RHEINLAND-PFALZ,2656.0,2631.0,1350.0,1348.0,88.0,5.0,917.0,1846.0,301.0,
202301,SAARLAND,930.0,927.0,304.0,302.0,17.0,,186.0,683.0,80.0,
202301,SACHSEN,2344.0,2327.0,1288.0,1286.0,64.0,,437.0,1538.0,234.0,1.0
202301,SACHSEN-ANHALT,1075.0,1065.0,593.0,593.0,25.0,5.0,228.0,905.0,94.0,
202301,SCHLESWIG-HOLSTEIN,1574.0,1567.0,1076.0,1073.0,22.0,1.0,660.0,1125.0,187.0,2.0
202301,THÜRINGEN,1522.0,1516.0,805.0,805.0,36.0,5.0,252.0,678.0,93.0,
202301,SONSTIGE,14.0,14.0,29.0,29.0,,,16.0,36.0,15.0,
202301,DEUTSCHLAND,69922.0,69378.0,39230.0,39136.0,1068.0,97.0,18136.0,50772.0,8853.0,22.0
202302,BADEN-WÜRTTEMBERG,8898.0,8825.0,6132.0,6119.0,104.0,9.0,5575.0,10264.0,2581.0,4.0
202302,BAYERN,17613.0,17378.0,7864.0,7814.0,135.0,16.0,6284.0,12875.0,2167.0,4.0
202302,BERLIN,2114.0,2101.0,735.0,731.0,34.0,1.0,790.0,2326.0,300.0,1.0
202302,BRANDENBURG,1543.0,1529.0,792.0,790.0,26.0,2.0,659.0,1160.0,192.0,
202302,BREMEN,376.0,375.0,268.0,268.0,9.0,1.0,205.0,459.0,97.0,
202302,HAMBURG,2400.0,2396.0,970.0,968.0,10.0,4.0,710.0,2451.0,299.0,
202302,HESSEN,8492.0,8469.0,3860.0,3860.0,46.0,37.0,2906.0,5194.0,1496.0,
202302,MECKLENBURG-VORPOMMERN,725.0,721.0,451.0,446.0,9.0,1.0,257.0,513.0,74.0,
202302,NIEDERSACHSEN,8230.0,8060.0,4289.0,4270.0,75.0,12.0,3529.0,4531.0,791.0,1.0
202302,NORDRHEIN-WESTFALEN,14583.0,14529.0,7566.0,7548.0,201.0,10.0,6953.0,11324.0,2537.0,3.0
202302,RHEINLAND-PFALZ,2655.0,2644.0,1400.0,1388.0,50.0,,1490.0,2068.0,435.0,
202302,SAARLAND,724.0,723.0,332.0,332.0,38.0,,290.0,622.0,97.0,
202302,SACHSEN,2524.0,2506.0,1295.0,1293.0,56.0,8.0,809.0,1809.0,282.0,2.0
202302,SACHSEN-ANHALT,1257.0,1236.0,581.0,580.0,15.0,6.0,414.0,1136.0,157.0,
202302,SCHLESWIG-HOLSTEIN,1639.0,1637.0,1127.0,1126.0,18.0,1.0,1179.0,1342.0,263.0,1.0
202302,THÜRINGEN,1565.0,1558.0,726.0,726.0,13.0,2.0,406.0,854.0,125.0,
202302,SONSTIGE,19.0,19.0,45.0,45.0,,,19.0,52.0,23.0,
202302,DEUTSCHLAND,75357.0,74706.0,38433.0,38304.0,839.0,110.0,32475.0,58980.0,11916.0,16.0
202303,BADEN-WÜRTTEMBERG,13255.0,13158.0,7173.0,7123.0,122.0,18.0,7249.0,14161.0,3513.0,1.0
202303,BAYERN,22205.0,21871.0,9997.0,9907.0,218.0,13.0,9169.0,18605.0,3174.0,16.0
202303,BERLIN,3032.0,3023.0,844.0,841.0,14.0,5.0,971.0,3023.0,347.0,1.0
202303,BRANDENBURG,1852.0,1842.0,840.0,839.0,36.0,6.0,705.0,1369.0,284.0,
202303,BREMEN,473.0,472.0,326.0,325.0,7.0,1.0,257.0,606.0,109.0,
202303,HAMBURG,2654.0,2641.0,1303.0,1301.0,16.0,17.0,1096.0,3078.0,369.0,2.0
202303,HESSEN,12763.0,12736.0,5642.0,5629.0,72.0,38.0,4275.0,8253.0,2020.0,1.0
202303,MECKLENBURG-VORPOMMERN,1098.0,1093.0,576.0,576.0,19.0,4.0,382.0,845.0,99.0,
202303,NIEDERSACHSEN,10770.0,10594.0,5076.0,5052.0,104.0,12.0,4422.0,6207.0,1107.0,2.0
202303,NORDRHEIN-WESTFALEN,20546.0,20453.0,9799.0,9781.0,331.0,16.0,9738.0,17262.0,3762.0,9.0
202303,RHEINLAND-PFALZ,3693.0,3663.0,1681.0,1678.0,72.0,2.0,2153.0,2938.0,643.0,
202303,SAARLAND,1070.0,1067.0,400.0,398.0,12.0,2.0,431.0,883.0,157.0,1.0
202303,SACHSEN,3574.0,3551.0,1724.0,1723.0,61.0,1.0,950.0,2580.0,408.0,1.0
202303,SACHSEN-ANHALT,1690.0,1676.0,716.0,716.0,17.0,3.0,439.0,1107.0,182.0,
202303,SCHLESWIG-HOLSTEIN,2436.0,2428.0,1544.0,1542.0,27.0,5.0,1339.0,1791.0,386.0,1.0
202303,THÜRINGEN,2137.0,2123.0,927.0,925.0,33.0,,523.0,1249.0,181.0,
202303,SONSTIGE,23.0,23.0,29.0,29.0,,,26.0,72.0,35.0,
202303,DEUTSCHLAND,103271.0,102414.0,48597.0,48385.0,1161.0,143.0,44125.0,84029.0,16776.0,35.0
202304,BADEN-WÜRTTEMBERG,9022.0,8969.0,5444.0,5426.0,66.0,12.0,4917.0,9795.0,2477.0,
202304,BAYERN,15904.0,15624.0,7525.0,7457.0,145.0,21.0,5935.0,14286.0,2261.0,5.0
202304,BERLIN,2268.0,2257.0,697.0,696.0,6.0,3.0,903.0,2487.0,314.0,3.0
202304,BRANDENBURG,1315.0,1309.0,536.0,536.0,26.0,4.0,529.0,938.0,171.0,1.0
202304,BREMEN,398.0,396.0,242.0,242.0,5.0,1.0,191.0,512.0,96.0,
202304,HAMBURG,2333.0,2328.0,765.0,765.0,6.0,27.0,555.0,2221.0,205.0,
202304,HESSEN,10492.0,10479.0,4522.0,4478.0,56.0,53.0,3007.0,6880.0,1415.0,1.0
202304,MECKLENBURG-VORPOMMERN,877.0,876.0,423.0,419.0,97.0,,242.0,511.0,95.0,
202304,NIEDERSACHSEN,8382.0,8265.0,3930.0,3911.0,75.0,6.0,3150.0,3862.0,828.0,7.0
202304,NORDRHEIN-WESTFALEN,14928.0,14872.0,7264.0,7220.0,258.0,17.0,6228.0,10714.0,2404.0,7.0
202304,RHEINLAND-PFALZ,2787.0,2752.0,1179.0,1174.0,41.0,1.0,1423.0,2075.0,497.0,
202304,SAARLAND,779.0,762.0,284.0,283.0,18.0,,267.0,636.0,125.0,1.0
202304,SACHSEN,2701.0,2692.0,1133.0,1129.0,50.0,1.0,660.0,1707.0,360.0,
202304,SACHSEN-ANHALT,1130.0,1123.0,467.0,464.0,17.0,3.0,335.0,783.0,125.0,
202304,SCHLESWIG-HOLSTEIN,1692.0,1687.0,1101.0,1100.0,15.0,2.0,1021.0,1201.0,290.0,1.0
202304,THÜRINGEN,1491.0,1479.0,598.0,598.0,21.0,2.0,355.0,813.0,108.0,
202304,SONSTIGE,20.0,19.0,28.0,28.0,1.0,,22.0,47.0,16.0,
202304,DEUTSCHLAND,76519.0,75889.0,36138.0,35926.0,903.0,153.0,29740.0,59468.0,11787.0,26.0
202305,BADEN-WÜRTTEMBERG,10238.0,10158.0,5925.0,5891.0,144.0,4.0,6878.0,11071.0,2436.0,3.0
202305,BAYERN,19470.0,19203.0,8821.0,8705.0,170.0,10.0,8026.0,17405.0,2386.0,8.0
202305,BERLIN,2935.0,2927.0,681.0,676.0,42.0,1.0,1435.0,2246.0,313.0,
202305,BRANDENBURG,1397.0,1387.0,621.0,617.0,29.0,5.0,679.0,1086.0,226.0,
202305,BREMEN,391.0,387.0,293.0,290.0,7.0,,231.0,449.0,107.0,
202305,HAMBURG,2969.0,2964.0,1558.0,1558.0,15.0,42.0,1107.0,2764.0,302.0,3.0
202305,HESSEN,10572.0,10547.0,6275.0,6252.0,76.0,28.0,5173.0,9252.0,2673.0,2.0
202305,MECKLENBURG-VORPOMMERN,828.0,826.0,432.0,429.0,10.0,,305.0,592.0,68.0,
202305,NIEDERSACHSEN,9902.0,9790.0,4654.0,4625.0,98.0,12.0,4052.0,4363.0,827.0,4.0
202305,NORDRHEIN-WESTFALEN,17053.0,16956.0,8478.0,8428.0,320.0,10.0,9411.0,13906.0,2849.0,2.0
202305,RHEINLAND-PFALZ,3095.0,3063.0,1524.0,1516.0,70.0,2.0,1931.0,2501.0,543.0,
202305,SAARLAND,859.0,847.0,296.0,296.0,22.0,1.0,360.0,664.0,154.0,1.0
202305,SACHSEN,2976.0,2962.0,1540.0,1530.0,84.0,4.0,921.0,1978.0,316.0,16.0
202305,SACHSEN-ANHALT,1186.0,1181.0,644.0,641.0,16.0,8.0,446.0,957.0,135.0,
202305,SCHLESWIG-HOLSTEIN,2068.0,2057.0,1067.0,1063.0,38.0,3.0,1297.0,1355.0,289.0,
202305,THÜRINGEN,1723.0,1710.0,687.0,687.0,25.0,,509.0,1011.0,159.0,1.0
202305,SONSTIGE,38.0,38.0,9.0,9.0,,,19.0,45.0,20.0,
202305,DEUTSCHLAND,87700.0,87003.0,43505.0,43213.0,1166.0,130.0,42780.0,71645.0,13803.0,40.0
202306,BADEN-WÜRTTEMBERG,11021.0,10952.0,6039.0,6011.0,221.0,22.0,8043.0,11429.0,2922.0,1.0
202306,BAYERN,21806.0,21487.0,8737.0,8651.0,207.0,25.0,10018.0,16933.0,3170.0,3.0
202306,BERLIN,2837.0,2824.0,628.0,624.0,307.0,2.0,1753.0,2555.0,313.0,4.0
202306,BRANDENBURG,1641.0,1626.0,762.0,761.0,40.0,10.0,803.0,1303.0,231.0,2.0
202306,BREMEN,488.0,487.0,359.0,358.0,10.0,,242.0,544.0,111.0,1.0
202306,HAMBURG,4029.0,4024.0,2542.0,2540.0,27.0,,1692.0,3017.0,447.0,5.0
202306,HESSEN,12476.0,12455.0,6135.0,6099.0,158.0,13.0,6543.0,9761.0,2183.0,4.0
202306,MECKLENBURG-VORPOMMERN,1084.0,1080.0,567.0,563.0,22.0,8.0,373.0,871.0,137.0,
202306,NIEDERSACHSEN,10595.0,10456.0,5045.0,5009.0,167.0,22.0,5684.0,5556.0,1162.0,57.0
202306,NORDRHEIN-WESTFALEN,19508.0,19425.0,9640.0,9616.0,545.0,21.0,10860.0,16057.0,3357.0,5.0
202306,RHEINLAND-PFALZ,3509.0,3467.0,1576.0,1570.0,133.0,2.0,2318.0,2600.0,585.0,
202306,SAARLAND,1007.0,999.0,383.0,382.0,35.0,2.0,456.0,1060.0,154.0,1.0
202306,SACHSEN,3552.0,3531.0,1523.0,1513.0,118.0,21.0,1363.0,2506.0,392.0,8.0
202306,SACHSEN-ANHALT,1681.0,1663.0,655.0,654.0,30.0,5.0,516.0,1112.0,199.0,
202306,SCHLESWIG-HOLSTEIN,2421.0,2412.0,1345.0,1342.0,51.0,1.0,1604.0,1708.0,346.0,1.0
202306,THÜRINGEN,2006.0,1991.0,874.0,872.0,40.0,3.0,709.0,1185.0,204.0,
202306,SONSTIGE,21.0,21.0,50.0,50.0,,,11.0,52.0,17.0,
202306,DEUTSCHLAND,99682.0,98900.0,46860.0,46615.0,2111.0,157.0,52988.0,78249.0,15930.0,92.0
202307,BADEN-WÜRTTEMBERG,10117.0,10032.0,5738.0,5720.0,102.0,15.0,7765.0,10687.0,2626.0,1.0
202307,BAYERN,18379.0,18027.0,8372.0,8295.0,108.0,30.0,9807.0,14777.0,2808.0,2.0
202307,BERLIN,2632.0,2619.0,851.0,837.0,90.0,4.0,1937.0,2822.0,396.0,2.0
202307,BRANDENBURG,1381.0,1367.0,683.0,680.0,29.0,9.0,743.0,1137.0,194.0,
202307,BREMEN,366.0,365.0,323.0,323.0,6.0,4.0,271.0,512.0,120.0,
202307,HAMBURG,3793.0,3786.0,2109.0,2108.0,14.0,,1437.0,2557.0,355.0,
202307,HESSEN,10039.0,10022.0,5980.0,5950.0,74.0,73.0,5665.0,7642.0,1889.0,8.0
202307,MECKLENBURG-VORPOMMERN,731.0,728.0,468.0,463.0,8.0,6.0,453.0,620.0,101.0,
202307,NIEDERSACHSEN,8505.0,8323.0,4051.0,4032.0,91.0,16.0,4731.0,4515.0,935.0,14.0
202307,NORDRHEIN-WESTFALEN,16173.0,16095.0,8427.0,8402.0,275.0,26.0,9736.0,13805.0,3243.0,22.0
202307,RHEINLAND-PFALZ,3246.0,3183.0,1526.0,1519.0,58.0,8.0,2007.0,2478.0,540.0,1.0
202307,SAARLAND,859.0,842.0,319.0,318.0,11.0,1.0,416.0,876.0,147.0,
202307,SACHSEN,2632.0,2611.0,1171.0,1166.0,57.0,11.0,1169.0,1845.0,331.0,6.0
202307,SACHSEN-ANHALT,1173.0,1163.0,646.0,646.0,19.0,2.0,566.0,824.0,142.0,
202307,SCHLESWIG-HOLSTEIN,1781.0,1765.0,1150.0,1146.0,32.0,3.0,1404.0,1348.0,310.0,
202307,THÜRINGEN,1540.0,1530.0,665.0,662.0,17.0,2.0,554.0,1002.0,201.0,1.0
202307,SONSTIGE,11.0,11.0,17.0,17.0,,,21.0,36.0,7.0,
202307,DEUTSCHLAND,83358.0,82469.0,42496.0,42284.0,991.0,210.0,48682.0,67483.0,14345.0,57.0
202308,BADEN-WÜRTTEMBERG,8702.0,8622.0,5782.0,5765.0,93.0,12.0,13189.0,11052.0,2786.0,3.0
202308,BAYERN,14916.0,14671.0,7541.0,7489.0,124.0,12.0,16779.0,14123.0,2660.0,1.0
202308,BERLIN,2533.0,2516.0,720.0,720.0,16.0,2.0,2267.0,2582.0,405.0,36.0
202308,BRANDENBURG,1403.0,1390.0,636.0,632.0,26.0,11.0,1304.0,1286.0,194.0,
202308,BREMEN,443.0,441.0,317.0,317.0,6.0,7.0,454.0,631.0,99.0,
202308,HAMBURG,2229.0,2224.0,1503.0,1501.0,9.0,,2641.0,1903.0,354.0,5.0
202308,HESSEN,7801.0,7784.0,4754.0,4744.0,69.0,33.0,12338.0,7808.0,1988.0,1.0
202308,MECKLENBURG-VORPOMMERN,771.0,767.0,451.0,451.0,8.0,,723.0,666.0,98.0,
202308,NIEDERSACHSEN,8433.0,8159.0,4028.0,4022.0,99.0,21.0,8348.0,4992.0,904.0,3.0
202308,NORDRHEIN-WESTFALEN,17008.0,16943.0,8267.0,8255.0,283.0,19.0,17731.0,15629.0,3479.0,5.0
202308,RHEINLAND-PFALZ,3065.0,3023.0,1475.0,1473.0,51.0,1.0,3495.0,2655.0,524.0,
202308,SAARLAND,786.0,778.0,293.0,291.0,8.0,,688.0,705.0,129.0,
202308,SACHSEN,2836.0,2803.0,1361.0,1361.0,49.0,8.0,2214.0,2131.0,320.0,
202308,SACHSEN-ANHALT,1361.0,1346.0,612.0,610.0,18.0,1.0,864.0,1499.0,131.0,1.0
202308,SCHLESWIG-HOLSTEIN,1760.0,1743.0,1227.0,1226.0,35.0,1.0,2469.0,1592.0,277.0,1.0
202308,THÜRINGEN,1538.0,1522.0,665.0,664.0,26.0,2.0,1120.0,1112.0,194.0,
202308,SONSTIGE,13.0,13.0,36.0,36.0,,,25.0,30.0,10.0,
202308,DEUTSCHLAND,75598.0,74745.0,39668.0,39557.0,920.0,130.0,86649.0,70396.0,14552.0,56.0
202309,BADEN-WÜRTTEMBERG,8768.0,8717.0,5446.0,5420.0,64.0,5.0,4773.0,11730.0,2941.0,
202309,BAYERN,16726.0,16485.0,7964.0,7941.0,115.0,7.0,6299.0,15614.0,3607.0,
202309,BERLIN,1686.0,1681.0,632.0,632.0,18.0,1.0,667.0,2198.0,333.0,
202309,BRANDENBURG,1402.0,1389.0,566.0,564.0,17.0,2.0,557.0,1297.0,190.0,1.0
202309,BREMEN,341.0,340.0,233.0,233.0,5.0,1.0,162.0,505.0,119.0,
202309,HAMBURG,3548.0,3543.0,1765.0,1764.0,8.0,6.0,785.0,2478.0,269.0,
202309,HESSEN,11931.0,11915.0,5150.0,5149.0,50.0,14.0,5138.0,8864.0,1835.0,1.0
202309,MECKLENBURG-VORPOMMERN,817.0,816.0,473.0,473.0,8.0,4.0,219.0,731.0,111.0,
202309,NIEDERSACHSEN,7651.0,7529.0,4261.0,4249.0,68.0,3.0,3666.0,4677.0,984.0,2.0
202309,NORDRHEIN-WESTFALEN,14958.0,14885.0,8123.0,8112.0,189.0,8.0,5627.0,14890.0,3347.0,1.0
202309,RHEINLAND-PFALZ,2816.0,2766.0,1345.0,1332.0,41.0,,1404.0,2668.0,556.0,1.0
202309,SAARLAND,702.0,686.0,271.0,271.0,10.0,1.0,252.0,818.0,175.0,
202309,SACHSEN,2825.0,2807.0,1331.0,1327.0,31.0,7.0,574.0,2180.0,306.0,
202309,SACHSEN-ANHALT,1395.0,1377.0,587.0,586.0,12.0,,269.0,1604.0,129.0,
202309,SCHLESWIG-HOLSTEIN,1872.0,1861.0,1113.0,1112.0,11.0,,929.0,1702.0,283.0,
202309,THÜRINGEN,1528.0,1515.0,615.0,614.0,19.0,,374.0,1184.0,189.0,
202309,SONSTIGE,13.0,13.0,25.0,25.0,,,19.0,38.0,9.0,
202309,DEUTSCHLAND,78979.0,78325.0,39900.0,39804.0,666.0,59.0,31714.0,73178.0,15383.0,6.0
202310,BADEN-WÜRTTEMBERG,8921.0,8851.0,5170.0,5158.0,131.0,8.0,6353.0,12408.0,3307.0,
202310,BAYERN,13953.0,13769.0,6956.0,6907.0,187.0,12.0,8156.0,15163.0,3371.0,
202310,BERLIN,1683.0,1676.0,542.0,542.0,17.0,1.0,852.0,3943.0,398.0,
202310,BRANDENBURG,1224.0,1213.0,619.0,618.0,20.0,2.0,609.0,1266.0,214.0,
202310,BREMEN,273.0,272.0,201.0,201.0,6.0,,195.0,459.0,107.0,
202310,HAMBURG,2314.0,2308.0,1578.0,1577.0,20.0,1.0,762.0,2055.0,381.0,
202310,HESSEN,10186.0,10153.0,4058.0,4056.0,95.0,6.0,4444.0,7366.0,1897.0,1.0
202310,MECKLENBURG-VORPOMMERN,665.0,662.0,342.0,341.0,5.0,,235.0,699.0,116.0,
202310,NIEDERSACHSEN,7287.0,7170.0,3601.0,3592.0,78.0,4.0,3673.0,4901.0,1096.0,1.0
202310,NORDRHEIN-WESTFALEN,14747.0,14673.0,7275.0,7268.0,306.0,21.0,7682.0,15516.0,3599.0,6.0
202310,RHEINLAND-PFALZ,2896.0,2847.0,1222.0,1218.0,76.0,2.0,1710.0,2820.0,632.0,
202310,SAARLAND,896.0,892.0,255.0,254.0,13.0,,346.0,711.0,129.0,
202310,SACHSEN,2597.0,2566.0,1127.0,1127.0,56.0,3.0,626.0,2607.0,411.0,
202310,SACHSEN-ANHALT,1206.0,1192.0,451.0,449.0,26.0,3.0,335.0,1350.0,132.0,
202310,SCHLESWIG-HOLSTEIN,1419.0,1411.0,913.0,909.0,28.0,1.0,1004.0,1518.0,335.0,
202310,THÜRINGEN,1363.0,1354.0,549.0,547.0,25.0,1.0,335.0,1111.0,226.0,
202310,SONSTIGE,16.0,16.0,22.0,20.0,,,17.0,43.0,10.0,
202310,DEUTSCHLAND,71646.0,71025.0,34881.0,34784.0,1089.0,65.0,37334.0,73936.0,16361.0,8.0
202311,BADEN-WÜRTTEMBERG,9528.0,9448.0,5614.0,5589.0,90.0,3.0,7580.0,12867.0,3674.0,3.0
202311,BAYERN,15497.0,15185.0,7405.0,7355.0,128.0,8.0,9711.0,16011.0,3280.0,
202311,BERLIN,1579.0,1573.0,612.0,611.0,23.0,,1005.0,2458.0,404.0,
202311,BRANDENBURG,1556.0,1549.0,676.0,675.0,29.0,2.0,774.0,1623.0,360.0,
202311,BREMEN,386.0,386.0,293.0,293.0,6.0,,257.0,617.0,178.0,
202311,HAMBURG,2324.0,2318.0,1218.0,1218.0,5.0,,904.0,2558.0,471.0,1.0
202311,HESSEN,12325.0,12300.0,4995.0,4988.0,90.0,5.0,4315.0,9291.0,2276.0,
202311,MECKLENBURG-VORPOMMERN,843.0,837.0,436.0,435.0,14.0,2.0,296.0,752.0,117.0,
202311,NIEDERSACHSEN,9822.0,9657.0,5248.0,5239.0,84.0,20.0,5569.0,6013.0,1619.0,
202311,NORDRHEIN-WESTFALEN,15634.0,15553.0,7709.0,7700.0,245.0,8.0,8757.0,15511.0,3577.0,1.0
202311,RHEINLAND-PFALZ,3157.0,3111.0,1413.0,1410.0,52.0,,2164.0,2859.0,720.0,
202311,SAARLAND,830.0,822.0,286.0,286.0,22.0,,390.0,772.0,185.0,
202311,SACHSEN,3058.0,3032.0,1184.0,1183.0,62.0,,827.0,2662.0,435.0,
202311,SACHSEN-ANHALT,1601.0,1586.0,594.0,593.0,11.0,,493.0,1455.0,195.0,
202311,SCHLESWIG-HOLSTEIN,1906.0,1892.0,1043.0,1041.0,30.0,1.0,1346.0,1832.0,403.0,
202311,THÜRINGEN,1641.0,1631.0,690.0,689.0,22.0,1.0,519.0,1262.0,218.0,
202311,SONSTIGE,47.0,47.0,54.0,54.0,,,35.0,44.0,12.0,
202311,DEUTSCHLAND,81734.0,80927.0,39470.0,39359.0,913.0,50.0,44942.0,78587.0,18124.0,5.0
202312,BADEN-WÜRTTEMBERG,9184.0,9128.0,5212.0,5193.0,128.0,2.0,9038.0,12076.0,3589.0,
202312,BAYERN,14696.0,14471.0,7545.0,7507.0,194.0,3.0,12208.0,13409.0,2956.0,3.0
202312,BERLIN,2196.0,2184.0,679.0,676.0,64.0,,1471.0,2149.0,366.0,
202312,BRANDENBURG,1348.0,1340.0,607.0,606.0,23.0,,830.0,1525.0,285.0,1.0
202312,BREMEN,391.0,386.0,322.0,322.0,4.0,1.0,253.0,586.0,140.0,
202312,HAMBURG,1248.0,1246.0,953.0,951.0,21.0,1.0,1050.0,2300.0,681.0,
202312,HESSEN,9499.0,9482.0,4625.0,4619.0,121.0,3.0,4331.0,8200.0,2118.0,1.0
202312,MECKLENBURG-VORPOMMERN,926.0,920.0,406.0,404.0,19.0,4.0,341.0,708.0,130.0,
202312,NIEDERSACHSEN,8592.0,8484.0,4463.0,4440.0,138.0,1.0,6981.0,5698.0,1654.0,
202312,NORDRHEIN-WESTFALEN,15476.0,15420.0,7555.0,7541.0,375.0,2.0,10963.0,15817.0,3689.0,3.0
202312,RHEINLAND-PFALZ,2791.0,2766.0,1311.0,1304.0,76.0,1.0,2489.0,2934.0,758.0,
202312,SAARLAND,989.0,979.0,193.0,193.0,32.0,,495.0,781.0,219.0,
202312,SACHSEN,2870.0,2856.0,1199.0,1196.0,45.0,,1339.0,2552.0,463.0,
202312,SACHSEN-ANHALT,1452.0,1445.0,584.0,583.0,15.0,3.0,778.0,1662.0,180.0,
202312,SCHLESWIG-HOLSTEIN,1702.0,1695.0,1035.0,1032.0,38.0,,1393.0,1898.0,453.0,
202312,THÜRINGEN,1519.0,1511.0,674.0,674.0,27.0,2.0,672.0,1246.0,199.0,
202312,SONSTIGE,15.0,15.0,40.0,40.0,,,22.0,40.0,14.0,
202312,DEUTSCHLAND,74894.0,74328.0,37403.0,37281.0,1320.0,23.0,54654.0,73581.0,17894.0,8.0
202401,BADEN-WÜRTTEMBERG,9652.0,9590.0,5807.0,5735.0,205.0,1.0,4689.0,11065.0,3103.0,1.0
202401,BAYERN,14347.0,14159.0,7034.0,6923.0,186.0,3.0,4016.0,12077.0,2444.0,3.0
202401,BERLIN,1677.0,1657.0,816.0,795.0,289.0,1.0,737.0,2089.0,365.0,
202401,BRANDENBURG,1298.0,1287.0,606.0,600.0,30.0,,318.0,1164.0,197.0,
202401,BREMEN,386.0,383.0,276.0,274.0,5.0,,165.0,473.0,92.0,
202401,HAMBURG,3170.0,3162.0,2189.0,2179.0,13.0,,590.0,2513.0,354.0,
202401,HESSEN,11406.0,11374.0,4597.0,4574.0,125.0,1.0,1934.0,8042.0,2010.0,1.0
202401,MECKLENBURG-VORPOMMERN,790.0,786.0,459.0,453.0,23.0,1.0,181.0,615.0,102.0,
202401,NIEDERSACHSEN,9495.0,9362.0,5323.0,5284.0,176.0,1.0,2167.0,4530.0,886.0,2.0
202401,NORDRHEIN-WESTFALEN,17744.0,17630.0,8369.0,8296.0,531.0,4.0,4980.0,15500.0,3315.0,2.0
202401,RHEINLAND-PFALZ,3081.0,3048.0,1478.0,1457.0,104.0,1.0,1028.0,2372.0,510.0,1.0
202401,SAARLAND,912.0,901.0,300.0,297.0,24.0,,166.0,637.0,126.0,
202401,SACHSEN,2803.0,2778.0,1268.0,1255.0,80.0,,417.0,1694.0,262.0,
202401,SACHSEN-ANHALT,1617.0,1605.0,644.0,629.0,20.0,,215.0,1411.0,131.0,
202401,SCHLESWIG-HOLSTEIN,1822.0,1804.0,1091.0,1072.0,65.0,1.0,615.0,1452.0,323.0,
202401,THÜRINGEN,1512.0,1498.0,660.0,658.0,23.0,,212.0,816.0,156.0,
202401,SONSTIGE,12.0,12.0,19.0,17.0,,,44.0,46.0,18.0,
202401,DEUTSCHLAND,81724.0,81036.0,40936.0,40498.0,1899.0,14.0,22474.0,66496.0,14394.0,10.0
202402,BADEN-WÜRTTEMBERG,9608.0,9536.0,6265.0,6221.0,136.0,1.0,5107.0,12082.0,3404.0,
202402,BAYERN,14585.0,14395.0,7661.0,7572.0,177.0,8.0,6220.0,14178.0,2731.0,4.0
202402,BERLIN,1326.0,1320.0,660.0,650.0,26.0,,828.0,1986.0,306.0,1.0
202402,BRANDENBURG,1299.0,1287.0,711.0,706.0,36.0,2.0,548.0,1239.0,197.0,
202402,BREMEN,368.0,364.0,295.0,294.0,4.0,,189.0,535.0,143.0,
202402,HAMBURG,2210.0,2206.0,1744.0,1735.0,10.0,,645.0,2120.0,352.0,
202402,HESSEN,11321.0,11277.0,5234.0,5186.0,81.0,1.0,2454.0,7201.0,1778.0,1.0
202402,MECKLENBURG-VORPOMMERN,778.0,771.0,481.0,472.0,14.0,,178.0,703.0,100.0,
202402,NIEDERSACHSEN,8479.0,8353.0,5210.0,5181.0,125.0,4.0,2558.0,4735.0,957.0,5.0
202402,NORDRHEIN-WESTFALEN,15567.0,15447.0,8257.0,8204.0,360.0,3.0,5371.0,15174.0,3097.0,1.0
202402,RHEINLAND-PFALZ,3312.0,3272.0,1541.0,1526.0,95.0,,1237.0,2550.0,476.0,
202402,SAARLAND,871.0,857.0,325.0,321.0,20.0,,260.0,664.0,94.0,
202402,SACHSEN,2549.0,2527.0,1271.0,1267.0,55.0,1.0,514.0,1826.0,289.0,1.0
202402,SACHSEN-ANHALT,1480.0,1465.0,631.0,625.0,17.0,,275.0,1833.0,147.0,
202402,SCHLESWIG-HOLSTEIN,1799.0,1781.0,1120.0,1095.0,58.0,,782.0,1524.0,319.0,
202402,THÜRINGEN,1514.0,1500.0,720.0,719.0,34.0,1.0,285.0,959.0,154.0,
202402,SONSTIGE,40.0,39.0,27.0,27.0,1.0,,28.0,58.0,31.0,
202402,DEUTSCHLAND,77106.0,76397.0,42153.0,41801.0,1249.0,21.0,27479.0,69367.0,14575.0,13.0
202403,BADEN-WÜRTTEMBERG,11384.0,11301.0,6794.0,6732.0,145.0,1.0,5485.0,12640.0,3023.0,2.0
202403,BAYERN,22061.0,21781.0,9344.0,9216.0,193.0,7.0,6091.0,17887.0,3355.0,12.0
202403,BERLIN,1391.0,1376.0,578.0,558.0,22.0,,710.0,2559.0,358.0,3.0
202403,BRANDENBURG,1624.0,1609.0,762.0,758.0,24.0,1.0,596.0,1434.0,217.0,
202403,BREMEN,602.0,600.0,233.0,233.0,4.0,,171.0,498.0,94.0,
202403,HAMBURG,2707.0,2699.0,2477.0,2455.0,11.0,,627.0,3006.0,450.0,1.0
202403,HESSEN,13657.0,13620.0,5594.0,5544.0,82.0,3.0,3980.0,9289.0,2324.0,
202403,MECKLENBURG-VORPOMMERN,992.0,986.0,703.0,699.0,16.0,,297.0,872.0,105.0,
202403,NIEDERSACHSEN,11769.0,11614.0,5415.0,5331.0,134.0,2.0,3239.0,5041.0,908.0,5.0
202403,NORDRHEIN-WESTFALEN,19563.0,19423.0,9362.0,9234.0,348.0,5.0,6478.0,18450.0,3451.0,7.0
202403,RHEINLAND-PFALZ,3724.0,3700.0,1751.0,1733.0,55.0,,1267.0,3123.0,544.0,1.0
202403,SAARLAND,920.0,909.0,387.0,385.0,23.0,,261.0,798.0,135.0,
202403,SACHSEN,3193.0,3146.0,1691.0,1673.0,81.0,7.0,575.0,2698.0,319.0,
202403,SACHSEN-ANHALT,2009.0,1985.0,815.0,813.0,35.0,,309.0,1521.0,157.0,
202403,SCHLESWIG-HOLSTEIN,2258.0,2245.0,1555.0,1525.0,31.0,3.0,950.0,1848.0,368.0,1.0
202403,THÜRINGEN,1883.0,1861.0,885.0,883.0,26.0,,330.0,1341.0,173.0,2.0
202403,SONSTIGE,16.0,15.0,19.0,19.0,,,18.0,44.0,35.0,
202403,DEUTSCHLAND,99753.0,98870.0,48365.0,47791.0,1230.0,29.0,31384.0,83049.0,16016.0,34.0
202404,BADEN-WÜRTTEMBERG,10651.0,10547.0,6884.0,6843.0,144.0,8.0,5552.0,12562.0,3148.0,2.0
202404,BAYERN,22105.0,21838.0,8729.0,8604.0,149.0,4.0,6467.0,17107.0,3357.0,2.0
202404,BERLIN,1602.0,1585.0,881.0,871.0,14.0,,777.0,2148.0,388.0,
202404,BRANDENBURG,1376.0,1357.0,776.0,773.0,26.0,,477.0,1341.0,198.0,1.0
202404,BREMEN,589.0,585.0,337.0,336.0,8.0,,208.0,661.0,168.0,
202404,HAMBURG,2309.0,2308.0,1497.0,1485.0,13.0,,641.0,2236.0,359.0,
202404,HESSEN,10434.0,10403.0,5935.0,5904.0,104.0,6.0,3096.0,8735.0,1959.0,1.0
202404,MECKLENBURG-VORPOMMERN,784.0,781.0,552.0,551.0,9.0,3.0,255.0,689.0,73.0,
202404,NIEDERSACHSEN,10059.0,9945.0,5141.0,5100.0,103.0,1.0,2738.0,4598.0,898.0,9.0
202404,NORDRHEIN-WESTFALEN,17650.0,17533.0,8879.0,8825.0,352.0,1.0,5975.0,15965.0,3129.0,3.0
202404,RHEINLAND-PFALZ,3464.0,3429.0,1549.0,1541.0,64.0,1.0,1212.0,2708.0,460.0,
202404,SAARLAND,1031.0,1020.0,416.0,409.0,22.0,,211.0,699.0,121.0,
202404,SACHSEN,3234.0,3212.0,1618.0,1594.0,74.0,1.0,593.0,2129.0,297.0,1.0
202404,SACHSEN-ANHALT,1740.0,1719.0,846.0,841.0,24.0,1.0,273.0,1013.0,151.0,
202404,SCHLESWIG-HOLSTEIN,1992.0,1983.0,1413.0,1376.0,32.0,,868.0,1492.0,284.0,1.0
202404,THÜRINGEN,1694.0,1673.0,840.0,835.0,22.0,,307.0,1073.0,133.0,
202404,SONSTIGE,15.0,15.0,24.0,24.0,,,18.0,26.0,12.0,
202404,DEUTSCHLAND,90729.0,89933.0,46317.0,45912.0,1160.0,26.0,29668.0,75182.0,15135.0,20.0
202405,BADEN-WÜRTTEMBERG,9634.0,9473.0,5907.0,5859.0,86.0,1.0,4955.0,11281.0,2815.0,1.0
202405,BAYERN,20155.0,19942.0,9576.0,9515.0,117.0,3.0,6234.0,15940.0,2811.0,2.0
202405,BERLIN,1451.0,1441.0,687.0,682.0,18.0,,839.0,2104.0,327.0,2.0
202405,BRANDENBURG,1507.0,1492.0,788.0,785.0,17.0,,430.0,1301.0,190.0,1.0
202405,BREMEN,592.0,590.0,324.0,324.0,6.0,,174.0,489.0,91.0,
202405,HAMBURG,3472.0,3467.0,1541.0,1536.0,9.0,,1147.0,2436.0,397.0,
202405,HESSEN,13436.0,13413.0,5733.0,5718.0,76.0,14.0,2484.0,9478.0,2602.0,2.0
202405,MECKLENBURG-VORPOMMERN,880.0,876.0,599.0,595.0,19.0,2.0,371.0,629.0,87.0,1.0
202405,NIEDERSACHSEN,9433.0,9310.0,4757.0,4652.0,78.0,1.0,2892.0,5108.0,792.0,7.0
202405,NORDRHEIN-WESTFALEN,16146.0,16051.0,8390.0,8327.0,219.0,3.0,6734.0,13421.0,2590.0,4.0
202405,RHEINLAND-PFALZ,3383.0,3348.0,1604.0,1594.0,49.0,,1129.0,2723.0,437.0,
202405,SAARLAND,847.0,829.0,365.0,364.0,11.0,,239.0,729.0,114.0,
202405,SACHSEN,3065.0,3050.0,1601.0,1591.0,44.0,8.0,582.0,2189.0,247.0,2.0
202405,SACHSEN-ANHALT,1509.0,1494.0,768.0,762.0,22.0,,291.0,1049.0,113.0,
202405,SCHLESWIG-HOLSTEIN,2116.0,2110.0,1336.0,1329.0,30.0,,873.0,1503.0,276.0,
202405,THÜRINGEN,1843.0,1821.0,884.0,880.0,18.0,,293.0,1046.0,138.0,
202405,SONSTIGE,29.0,29.0,33.0,33.0,2.0,,41.0,25.0,11.0,
202405,DEUTSCHLAND,89498.0,88736.0,44893.0,44546.0,821.0,32.0,29708.0,71451.0,14038.0,22.0
202406,BADEN-WÜRTTEMBERG,12607.0,12441.0,7316.0,7281.0,152.0,1.0,6930.0,14061.0,3322.0,1.0
202406,BAYERN,22634.0,22399.0,9767.0,9704.0,206.0,,10780.0,18133.0,2955.0,6.0
202406,BERLIN,1943.0,1926.0,1082.0,1071.0,117.0,,829.0,2020.0,306.0,
202406,BRANDENBURG,1993.0,1975.0,821.0,814.0,36.0,1.0,655.0,1584.0,189.0,
202406,BREMEN,745.0,742.0,407.0,404.0,5.0,,229.0,493.0,106.0,
202406,HAMBURG,4235.0,4231.0,1864.0,1850.0,6.0,,772.0,3242.0,416.0,
202406,HESSEN,15420.0,15386.0,7028.0,7007.0,97.0,4.0,3508.0,10319.0,2107.0,2.0
202406,MECKLENBURG-VORPOMMERN,1393.0,1388.0,718.0,712.0,18.0,,279.0,811.0,99.0,
202406,NIEDERSACHSEN,12734.0,12631.0,5644.0,5616.0,108.0,1.0,5081.0,6382.0,962.0,7.0
202406,NORDRHEIN-WESTFALEN,21577.0,21435.0,9814.0,9782.0,446.0,,8967.0,18353.0,3295.0,5.0
202406,RHEINLAND-PFALZ,4445.0,4412.0,1976.0,1970.0,68.0,,1888.0,3203.0,544.0,
202406,SAARLAND,1203.0,1197.0,512.0,512.0,25.0,,304.0,1052.0,153.0,
202406,SACHSEN,3920.0,3883.0,2118.0,2111.0,78.0,1.0,818.0,3366.0,294.0,2.0
202406,SACHSEN-ANHALT,1824.0,1794.0,879.0,872.0,27.0,,448.0,1546.0,144.0,
202406,SCHLESWIG-HOLSTEIN,2791.0,2777.0,1662.0,1639.0,44.0,,1396.0,1938.0,314.0,1.0
202406,THÜRINGEN,2250.0,2226.0,1026.0,1019.0,24.0,,487.0,1421.0,160.0,1.0
202406,SONSTIGE,54.0,54.0,54.0,54.0,1.0,,41.0,46.0,25.0,
202406,DEUTSCHLAND,111768.0,110897.0,52688.0,52418.0,1458.0,8.0,43412.0,87970.0,15391.0,25.0
202407,BADEN-WÜRTTEMBERG,9911.0,9725.0,6584.0,6519.0,121.0,1.0,5190.0,13534.0,3300.0,16.0
202407,BAYERN,17859.0,17558.0,8066.0,8008.0,168.0,,7192.0,16605.0,2576.0,3.0
202407,BERLIN,1568.0,1552.0,779.0,770.0,10.0,,947.0,2194.0,420.0,1.0
202407,BRANDENBURG,1384.0,1365.0,726.0,722.0,15.0,,434.0,1453.0,246.0,
202407,BREMEN,620.0,618.0,418.0,417.0,6.0,,194.0,695.0,104.0,
202407,HAMBURG,2712.0,2705.0,1921.0,1916.0,10.0,,807.0,2710.0,499.0,
202407,HESSEN,10370.0,10330.0,4619.0,4599.0,105.0,,2654.0,8715.0,1603.0,
202407,MECKLENBURG-VORPOMMERN,878.0,874.0,536.0,532.0,18.0,,174.0,748.0,97.0,
202407,NIEDERSACHSEN,10056.0,9935.0,4765.0,4745.0,103.0,,2617.0,5805.0,1030.0,8.0
202407,NORDRHEIN-WESTFALEN,15994.0,15854.0,8707.0,8682.0,330.0,,6791.0,17372.0,3426.0,10.0
202407,RHEINLAND-PFALZ,3373.0,3333.0,1565.0,1558.0,60.0,,1329.0,3022.0,520.0,
202407,SAARLAND,1141.0,1125.0,410.0,409.0,20.0,,242.0,789.0,127.0,
202407,SACHSEN,2584.0,2554.0,1317.0,1314.0,38.0,2.0,647.0,2257.0,292.0,
202407,SACHSEN-ANHALT,1230.0,1220.0,633.0,629.0,24.0,,330.0,1078.0,126.0,
202407,SCHLESWIG-HOLSTEIN,1894.0,1875.0,1324.0,1314.0,27.0,,870.0,1663.0,277.0,
202407,THÜRINGEN,1738.0,1713.0,694.0,692.0,22.0,,330.0,1163.0,135.0,
202407,SONSTIGE,93.0,93.0,43.0,43.0,1.0,,14.0,67.0,33.0,
202407,DEUTSCHLAND,83405.0,82429.0,43107.0,42869.0,1078.0,3.0,30762.0,79870.0,14811.0,38.0
202408,BADEN-WÜRTTEMBERG,7942.0,7840.0,4223.0,4200.0,94.0,,4443.0,11018.0,2980.0,2.0
202408,BAYERN,12852.0,12716.0,5124.0,5101.0,121.0,,5060.0,12589.0,1860.0,4.0
202408,BERLIN,1078.0,1061.0,394.0,388.0,7.0,,612.0,1601.0,310.0,2.0
202408,BRANDENBURG,1130.0,1109.0,483.0,481.0,15.0,,378.0,1344.0,206.0,
202408,BREMEN,435.0,433.0,218.0,217.0,6.0,,207.0,808.0,130.0,
202408,HAMBURG,1516.0,1514.0,1067.0,1061.0,15.0,,862.0,1953.0,393.0,1.0
202408,HESSEN,9761.0,9735.0,3540.0,3518.0,66.0,,3095.0,8698.0,1662.0,1.0
202408,MECKLENBURG-VORPOMMERN,652.0,647.0,358.0,355.0,18.0,,148.0,633.0,105.0,
202408,NIEDERSACHSEN,8932.0,8828.0,4001.0,3976.0,112.0,,2712.0,6101.0,1404.0,2.0
202408,NORDRHEIN-WESTFALEN,14623.0,14511.0,5777.0,5764.0,314.0,,6103.0,14308.0,2962.0,5.0
202408,RHEINLAND-PFALZ,2921.0,2896.0,1198.0,1195.0,50.0,,1146.0,2650.0,495.0,
202408,SAARLAND,857.0,851.0,262.0,261.0,16.0,,225.0,694.0,94.0,
202408,SACHSEN,2779.0,2760.0,1131.0,1130.0,57.0,3.0,624.0,3076.0,333.0,
202408,SACHSEN-ANHALT,1309.0,1295.0,571.0,567.0,12.0,,454.0,1183.0,156.0,
202408,SCHLESWIG-HOLSTEIN,1538.0,1524.0,973.0,968.0,30.0,,649.0,1485.0,282.0,
202408,THÜRINGEN,1671.0,1636.0,615.0,612.0,20.0,,290.0,1167.0,172.0,
202408,SONSTIGE,11.0,11.0,39.0,39.0,,,16.0,36.0,21.0,
202408,DEUTSCHLAND,70007.0,69367.0,29974.0,29833.0,953.0,3.0,27024.0,69344.0,13565.0,17.0
202409,BADEN-WÜRTTEMBERG,7604.0,7531.0,4231.0,4211.0,61.0,,5786.0,12378.0,3172.0,
202409,BAYERN,13644.0,13454.0,6251.0,6193.0,98.0,,7245.0,16268.0,2745.0,2.0
202409,BERLIN,1109.0,1097.0,432.0,430.0,17.0,,862.0,1689.0,373.0,29.0
202409,BRANDENBURG,1218.0,1203.0,506.0,503.0,16.0,,565.0,1428.0,234.0,
202409,BREMEN,325.0,323.0,190.0,190.0,5.0,,169.0,538.0,122.0,
202409,HAMBURG,1932.0,1924.0,1212.0,1212.0,8.0,1.0,983.0,2547.0,397.0,
202409,HESSEN,9072.0,9049.0,3606.0,3601.0,54.0,,2898.0,8493.0,1551.0,
202409,MECKLENBURG-VORPOMMERN,889.0,884.0,474.0,474.0,10.0,,260.0,748.0,130.0,
202409,NIEDERSACHSEN,8043.0,7949.0,3994.0,3967.0,81.0,,3945.0,5984.0,1280.0,3.0
202409,NORDRHEIN-WESTFALEN,13163.0,13053.0,5845.0,5838.0,232.0,,7468.0,15104.0,3285.0,6.0
202409,RHEINLAND-PFALZ,2474.0,2444.0,1172.0,1171.0,52.0,,1439.0,2820.0,527.0,1.0
202409,SAARLAND,784.0,777.0,221.0,221.0,12.0,,314.0,777.0,132.0,
202409,SACHSEN,2502.0,2478.0,1005.0,1002.0,61.0,,844.0,2457.0,364.0,1.0
202409,SACHSEN-ANHALT,1377.0,1361.0,539.0,537.0,13.0,,302.0,1236.0,138.0,
202409,SCHLESWIG-HOLSTEIN,1526.0,1517.0,894.0,890.0,33.0,,1002.0,1709.0,297.0,
202409,THÜRINGEN,1334.0,1325.0,524.0,524.0,16.0,,379.0,1241.0,187.0,
202409,SONSTIGE,13.0,13.0,19.0,19.0,,,18.0,16.0,2.0,
202409,DEUTSCHLAND,67009.0,66382.0,31115.0,30983.0,769.0,1.0,34479.0,75433.0,14936.0,42.0
202410,BADEN-WÜRTTEMBERG,8463.0,8393.0,5155.0,5133.0,92.0,,6370.0,13888.0,3920.0,1.0
202410,BAYERN,15557.0,15317.0,6954.0,6878.0,151.0,,7699.0,17940.0,3505.0,1.0
202410,BERLIN,1819.0,1806.0,450.0,450.0,15.0,,857.0,1989.0,441.0,2.0
202410,BRANDENBURG,1265.0,1256.0,563.0,563.0,24.0,,488.0,1516.0,295.0,
202410,BREMEN,312.0,311.0,265.0,265.0,9.0,,238.0,604.0,152.0,
202410,HAMBURG,1779.0,1771.0,1111.0,1110.0,10.0,,921.0,2961.0,550.0,3.0
202410,HESSEN,9234.0,9216.0,4119.0,4113.0,89.0,,3665.0,9101.0,2107.0,
202410,MECKLENBURG-VORPOMMERN,734.0,730.0,455.0,453.0,15.0,,196.0,840.0,154.0,
202410,NIEDERSACHSEN,10590.0,10498.0,4759.0,4755.0,118.0,,3666.0,6550.0,1525.0,2.0
202410,NORDRHEIN-WESTFALEN,14257.0,14188.0,7222.0,7211.0,322.0,,7338.0,17907.0,4424.0,3.0
202410,RHEINLAND-PFALZ,2848.0,2806.0,1462.0,1456.0,53.0,,1387.0,3429.0,771.0,
202410,SAARLAND,865.0,856.0,278.0,277.0,15.0,,285.0,899.0,157.0,2.0
202410,SACHSEN,2499.0,2490.0,1103.0,1103.0,50.0,,775.0,2726.0,436.0,2.0
202410,SACHSEN-ANHALT,1065.0,1048.0,548.0,547.0,14.0,,307.0,1413.0,276.0,
202410,SCHLESWIG-HOLSTEIN,1495.0,1491.0,1094.0,1072.0,37.0,,890.0,1781.0,382.0,1.0
202410,THÜRINGEN,1472.0,1462.0,614.0,612.0,25.0,,383.0,1412.0,231.0,
202410,SONSTIGE,10.0,10.0,20.0,20.0,,,26.0,53.0,11.0,
202410,DEUTSCHLAND,74264.0,73649.0,36172.0,36018.0,1039.0,,35491.0,85009.0,19337.0,17.0
202411,BADEN-WÜRTTEMBERG,8597.0,8527.0,4812.0,4771.0,95.0,,6361.0,15013.0,4009.0,1.0
202411,BAYERN,16223.0,15982.0,6748.0,6692.0,125.0,,7464.0,18326.0,3777.0,2.0
202411,BERLIN,1531.0,1522.0,548.0,548.0,16.0,,1090.0,2549.0,474.0,
202411,BRANDENBURG,1616.0,1601.0,630.0,627.0,19.0,,544.0,1760.0,319.0,
202411,BREMEN,414.0,414.0,265.0,264.0,10.0,,203.0,759.0,171.0,
202411,HAMBURG,1835.0,1831.0,1246.0,1246.0,9.0,,1125.0,4102.0,677.0,
202411,HESSEN,9963.0,9944.0,4494.0,4488.0,69.0,,3057.0,11772.0,2461.0,
202411,MECKLENBURG-VORPOMMERN,757.0,754.0,469.0,468.0,12.0,,240.0,840.0,153.0,
202411,NIEDERSACHSEN,9783.0,9698.0,4942.0,4931.0,107.0,,3899.0,7571.0,1576.0,11.0
202411,NORDRHEIN-WESTFALEN,15206.0,15136.0,7136.0,7122.0,267.0,,7341.0,19393.0,4644.0,4.0
202411,RHEINLAND-PFALZ,2891.0,2858.0,1353.0,1348.0,65.0,,1328.0,3478.0,742.0,1.0
202411,SAARLAND,966.0,959.0,278.0,278.0,11.0,,230.0,1031.0,157.0,
202411,SACHSEN,3025.0,3003.0,1216.0,1213.0,66.0,,672.0,2896.0,495.0,
202411,SACHSEN-ANHALT,1382.0,1373.0,617.0,617.0,16.0,,321.0,1373.0,243.0,
202411,SCHLESWIG-HOLSTEIN,1661.0,1647.0,1052.0,1048.0,33.0,,901.0,2214.0,454.0,
202411,THÜRINGEN,1481.0,1464.0,695.0,695.0,21.0,,371.0,1417.0,228.0,
202411,SONSTIGE,21.0,21.0,9.0,9.0,1.0,,20.0,60.0,24.0,
202411,DEUTSCHLAND,77352.0,76734.0,36510.0,36365.0,942.0,,35167.0,94554.0,20604.0,19.0
202412,BADEN-WÜRTTEMBERG,8153.0,8110.0,4339.0,4302.0,121.0,,5611.0,14105.0,3574.0,2.0
202412,BAYERN,14960.0,14786.0,5032.0,4995.0,139.0,,6586.0,17838.0,3614.0,
202412,BERLIN,1703.0,1696.0,656.0,656.0,19.0,,1159.0,3056.0,541.0,
202412,BRANDENBURG,1341.0,1330.0,597.0,594.0,18.0,,524.0,1729.0,335.0,
202412,BREMEN,334.0,333.0,156.0,155.0,6.0,,155.0,496.0,125.0,
202412,HAMBURG,2254.0,2251.0,696.0,695.0,9.0,,957.0,3170.0,579.0,
202412,HESSEN,7685.0,7663.0,3428.0,3422.0,58.0,,3014.0,9485.0,1989.0,
202412,MECKLENBURG-VORPOMMERN,807.0,804.0,411.0,409.0,13.0,,287.0,938.0,186.0,
202412,NIEDERSACHSEN,7470.0,7401.0,4891.0,4876.0,114.0,,3665.0,7249.0,1462.0,2.0
202412,NORDRHEIN-WESTFALEN,14200.0,14151.0,6096.0,6072.0,316.0,,7464.0,18566.0,4192.0,6.0
202412,RHEINLAND-PFALZ,2585.0,2554.0,1193.0,1191.0,43.0,,1344.0,3500.0,733.0,
202412,SAARLAND,846.0,841.0,234.0,233.0,115.0,,269.0,1041.0,169.0,
202412,SACHSEN,2746.0,2735.0,1230.0,1228.0,59.0,,740.0,3543.0,566.0,
202412,SACHSEN-ANHALT,1191.0,1185.0,533.0,532.0,27.0,,344.0,1277.0,252.0,
202412,SCHLESWIG-HOLSTEIN,1631.0,1623.0,823.0,822.0,34.0,,971.0,2131.0,539.0,
202412,THÜRINGEN,1411.0,1407.0,699.0,698.0,22.0,,451.0,1456.0,220.0,
202412,SONSTIGE,16.0,16.0,17.0,17.0,,,20.0,93.0,27.0,
202412,DEUTSCHLAND,69333.0,68886.0,31031.0,30897.0,1113.0,,33561.0,89673.0,19103.0,10.0
202501,BADEN-WÜRTTEMBERG,7135.0,7071.0,4528.0,4510.0,94.0,,5265.0,11395.0,3055.0,1.0
202501,BAYERN,12419.0,12230.0,5957.0,5897.0,88.0,,6848.0,15988.0,3315.0,1.0
202501,BERLIN,1471.0,1459.0,664.0,663.0,12.0,,882.0,2320.0,529.0,
202501,BRANDENBURG,1105.0,1091.0,621.0,617.0,9.0,,529.0,1434.0,274.0,
202501,BREMEN,289.0,287.0,225.0,225.0,3.0,,244.0,555.0,161.0,
202501,HAMBURG,1453.0,1443.0,767.0,766.0,6.0,,926.0,2416.0,587.0,
202501,HESSEN,6414.0,6380.0,3655.0,3645.0,54.0,,3308.0,8350.0,1834.0,
202501,MECKLENBURG-VORPOMMERN,731.0,728.0,445.0,443.0,7.0,,259.0,677.0,114.0,
202501,NIEDERSACHSEN,7795.0,7686.0,4338.0,4318.0,116.0,,4560.0,6130.0,1471.0,1.0
202501,NORDRHEIN-WESTFALEN,14208.0,14114.0,6907.0,6896.0,301.0,,7481.0,17646.0,4246.0,1.0
202501,RHEINLAND-PFALZ,2433.0,2395.0,1325.0,1323.0,47.0,,1435.0,2889.0,648.0,
202501,SAARLAND,784.0,782.0,230.0,225.0,31.0,,267.0,816.0,155.0,
202501,SACHSEN,2207.0,2189.0,1142.0,1135.0,36.0,,724.0,2432.0,416.0,
202501,SACHSEN-ANHALT,987.0,970.0,541.0,539.0,14.0,,318.0,923.0,173.0,1.0
202501,SCHLESWIG-HOLSTEIN,1603.0,1591.0,1035.0,1034.0,26.0,,987.0,1829.0,501.0,
202501,THÜRINGEN,1305.0,1296.0,563.0,559.0,15.0,,441.0,1143.0,222.0,
202501,SONSTIGE,19.0,19.0,13.0,13.0,,,24.0,21.0,11.0,
202501,DEUTSCHLAND,62358.0,61731.0,32956.0,32808.0,859.0,,34498.0,76964.0,17712.0,5.0
202502,BADEN-WÜRTTEMBERG,6787.0,6733.0,4522.0,4497.0,62.0,,5968.0,12568.0,3981.0,2.0
202502,BAYERN,12185.0,12012.0,6070.0,6011.0,93.0,,7524.0,16223.0,3918.0,
202502,BERLIN,973.0,966.0,479.0,478.0,11.0,,863.0,1662.0,435.0,
202502,BRANDENBURG,1022.0,1007.0,574.0,571.0,18.0,,502.0,1260.0,253.0,
202502,BREMEN,257.0,257.0,260.0,260.0,3.0,,262.0,497.0,180.0,
202502,HAMBURG,1456.0,1450.0,814.0,814.0,8.0,,778.0,2328.0,574.0,
202502,HESSEN,6976.0,6955.0,3401.0,3393.0,56.0,,4047.0,9969.0,1965.0,1.0
202502,MECKLENBURG-VORPOMMERN,556.0,552.0,398.0,397.0,4.0,,237.0,689.0,125.0,
202502,NIEDERSACHSEN,6671.0,6605.0,4557.0,4532.0,86.0,,4849.0,6188.0,1841.0,
202502,NORDRHEIN-WESTFALEN,11744.0,11647.0,6363.0,6339.0,284.0,,6913.0,16216.0,4012.0,
202502,RHEINLAND-PFALZ,2254.0,2229.0,1179.0,1172.0,38.0,,1363.0,2942.0,739.0,
202502,SAARLAND,602.0,597.0,321.0,320.0,11.0,,266.0,848.0,179.0,1.0
202502,SACHSEN,1857.0,1839.0,1025.0,1023.0,41.0,,675.0,2175.0,401.0,
202502,SACHSEN-ANHALT,1099.0,1087.0,543.0,539.0,14.0,,310.0,1147.0,183.0,
202502,SCHLESWIG-HOLSTEIN,1284.0,1271.0,982.0,977.0,23.0,,967.0,1769.0,520.0,
202502,THÜRINGEN,1180.0,1170.0,541.0,540.0,15.0,,404.0,1160.0,199.0,
202502,SONSTIGE,8.0,8.0,87.0,87.0,,,21.0,46.0,29.0,
202502,DEUTSCHLAND,56911.0,56385.0,32116.0,31950.0,767.0,,35949.0,77687.0,19534.0,4.0
202503,BADEN-WÜRTTEMBERG,7605.0,7544.0,5602.0,5562.0,113.0,,7231.0,15535.0,4750.0,
202503,BAYERN,16632.0,16468.0,7600.0,7529.0,186.0,1.0,8110.0,22364.0,4957.0,2.0
202503,BERLIN,1158.0,1142.0,474.0,472.0,17.0,,1057.0,2175.0,517.0,
202503,BRANDENBURG,1462.0,1450.0,721.0,716.0,71.0,,693.0,1855.0,408.0,
202503,BREMEN,270.0,266.0,287.0,286.0,4.0,,271.0,591.0,208.0,
202503,HAMBURG,3267.0,3263.0,1455.0,1454.0,30.0,,899.0,3465.0,673.0,
202503,HESSEN,8069.0,8038.0,3459.0,3445.0,95.0,,4211.0,11505.0,2646.0,1.0
202503,MECKLENBURG-VORPOMMERN,729.0,720.0,528.0,522.0,13.0,,294.0,962.0,195.0,
202503,NIEDERSACHSEN,7812.0,7741.0,4739.0,4705.0,109.0,,5464.0,8801.0,2908.0,1.0
202503,NORDRHEIN-WESTFALEN,13083.0,12991.0,7403.0,7381.0,328.0,,8785.0,20255.0,5843.0,2.0
202503,RHEINLAND-PFALZ,2644.0,2598.0,1434.0,1427.0,62.0,,1747.0,3860.0,1187.0,
202503,SAARLAND,742.0,738.0,296.0,292.0,41.0,,319.0,1185.0,320.0,
202503,SACHSEN,2496.0,2432.0,1344.0,1332.0,91.0,,1181.0,3422.0,643.0,
202503,SACHSEN-ANHALT,1096.0,1085.0,669.0,667.0,25.0,,574.0,1506.0,287.0,
202503,SCHLESWIG-HOLSTEIN,1712.0,1703.0,1167.0,1159.0,37.0,,1214.0,2223.0,668.0,1.0
202503,THÜRINGEN,1619.0,1596.0,708.0,703.0,29.0,,452.0,1673.0,327.0,
202503,SONSTIGE,18.0,18.0,4.0,4.0,,,19.0,36.0,16.0,
202503,DEUTSCHLAND,70414.0,69793.0,37890.0,37656.0,1251.0,1.0,42521.0,101413.0,26553.0,7.0
202504,BADEN-WÜRTTEMBERG,6917.0,6855.0,5479.0,5457.0,126.0,2.0,6968.0,14058.0,4399.0,4.0
202504,BAYERN,16783.0,16591.0,7591.0,7491.0,133.0,,9692.0,21252.0,4517.0,8.0
202504,BERLIN,1443.0,1433.0,606.0,604.0,36.0,,1144.0,2348.0,612.0,2.0
202504,BRANDENBURG,974.0,960.0,694.0,692.0,15.0,,680.0,1575.0,330.0,
202504,BREMEN,271.0,267.0,203.0,202.0,3.0,,211.0,471.0,136.0,
202504,HAMBURG,2397.0,2396.0,1486.0,1482.0,19.0,,958.0,3378.0,1058.0,
202504,HESSEN,8092.0,8067.0,3919.0,3911.0,90.0,,4708.0,11201.0,2643.0,2.0
202504,MECKLENBURG-VORPOMMERN,686.0,683.0,467.0,462.0,6.0,,303.0,842.0,179.0,
202504,NIEDERSACHSEN,7352.0,7260.0,4441.0,4406.0,104.0,,5878.0,7890.0,2921.0,4.0
202504,NORDRHEIN-WESTFALEN,12119.0,12062.0,7046.0,7019.0,303.0,,9304.0,16719.0,4695.0,4.0
202504,RHEINLAND-PFALZ,2469.0,2434.0,1459.0,1448.0,61.0,,1753.0,3433.0,887.0,
202504,SAARLAND,746.0,745.0,338.0,336.0,9.0,,371.0,1036.0,226.0,
202504,SACHSEN,2414.0,2392.0,1343.0,1338.0,43.0,,1050.0,2690.0,599.0,
202504,SACHSEN-ANHALT,1346.0,1330.0,664.0,658.0,15.0,,722.0,1398.0,267.0,
202504,SCHLESWIG-HOLSTEIN,1459.0,1450.0,1197.0,1182.0,35.0,,1284.0,1948.0,514.0,
202504,THÜRINGEN,1332.0,1312.0,708.0,698.0,10.0,,480.0,1408.0,301.0,
202504,SONSTIGE,14.0,14.0,8.0,8.0,,,29.0,49.0,33.0,
202504,DEUTSCHLAND,66814.0,66251.0,37649.0,37394.0,1008.0,2.0,45535.0,91696.0,24317.0,24.0
